date,ticker,open,high,low,close,volume
2026-04-07,ALE.WA,26.59,27.26,26.29,26.37,3680263
2026-04-07,ALR.WA,115.5,118.15,113.15,115.45,276737
2026-04-07,BDX.WA,692.4,695.0,672.4,676.6,30179
2026-04-07,BHW.WA,113.2,115.4,111.6,113.8,15405
2026-04-07,CDR.WA,243.8,249.7,241.0,243.3,270314
2026-04-07,CPS.WA,11.6,11.725,11.32,11.35,695797
2026-04-07,DNP.WA,33.95,34.3,33.44,33.5,5292408
2026-04-07,JSW.WA,32.96,35.3,32.6,34.75,1527881
2026-04-07,KGH.WA,284.0,290.0,275.55,277.2,574885
2026-04-07,KRU.WA,464.8,467.9,454.7,456.6,20341
2026-04-07,KTY.WA,1021.0,1028.0,995.0,1002.0,9206
2026-04-07,LPP.WA,22540.0,22620.0,22020.0,22160.0,3406
2026-04-07,MBK.WA,1160.0,1195.0,1141.0,1148.0,37214
2026-04-07,MRB.WA,11.11,11.32,10.97,11.14,103168
2026-04-07,NVT.WA,100.0,100.0,100.0,100.0,2
2026-04-07,OPL.WA,14.05,14.17,13.875,14.025,1219711
2026-04-07,PCO.WA,28.02,28.72,27.61,27.7,2013104
2026-04-07,PEO.WA,225.6,232.0,224.3,226.0,688133
2026-04-07,PGE.WA,11.1,11.12,10.75,10.89,2905025
2026-04-07,PKN.WA,133.9,136.88,133.22,135.0,2702312
2026-04-07,PKO.WA,90.0,92.38,89.38,90.94,2597204
2026-04-07,PZU.WA,65.88,66.34,65.02,65.02,1896254
2026-04-08,ALE.WA,27.3,27.915,26.73,26.77,9281113
2026-04-08,ALR.WA,118.4,125.45,118.3,123.9,524076
2026-04-08,BDX.WA,700.0,734.0,697.2,715.8,50400
2026-04-08,BHW.WA,116.0,119.0,115.4,118.6,79961
2026-04-08,CDR.WA,249.8,256.3,248.0,252.6,472208
2026-04-08,CPS.WA,11.6,11.79,11.56,11.61,715977
2026-04-08,DNP.WA,34.4,34.88,33.98,34.04,5295509
2026-04-08,JSW.WA,32.2,32.5,30.15,30.9,2086363
2026-04-08,KGH.WA,299.0,309.0,298.0,304.5,1557851
2026-04-08,KRU.WA,468.3,482.5,468.1,475.6,72705
2026-04-08,KTY.WA,1036.0,1063.0,1028.0,1061.0,26620
2026-04-08,LPP.WA,22680.0,23020.0,22340.0,22420.0,5684
2026-04-08,MBK.WA,1194.0,1271.0,1186.0,1256.0,51694
2026-04-08,MRB.WA,11.4,11.78,11.38,11.75,285632
2026-04-08,NVT.WA,100.0,101.0,98.2,101.0,32
2026-04-08,OPL.WA,13.87,13.9,13.41,13.71,1956751
2026-04-08,PCO.WA,28.78,28.98,28.35,28.39,1674355
2026-04-08,PEO.WA,238.8,243.2,235.1,241.0,1054182
2026-04-08,PGE.WA,11.12,11.45,10.85,11.0,4593494
2026-04-08,PKN.WA,125.0,131.16,121.0,131.16,3718714
2026-04-08,PKO.WA,92.86,97.48,92.78,96.0,4653759
2026-04-08,PZU.WA,67.0,68.18,66.58,66.84,3911950
2026-04-09,ALE.WA,25.76,27.255,25.76,27.0,16422716
2026-04-09,ALR.WA,122.95,124.35,122.05,124.35,132945
2026-04-09,BDX.WA,719.0,739.6,715.8,739.6,34512
2026-04-09,BHW.WA,118.0,118.4,116.6,118.0,15252
2026-04-09,CDR.WA,252.0,252.2,244.0,244.1,269994
2026-04-09,CPS.WA,11.65,11.65,11.44,11.51,422706
2026-04-09,DNP.WA,34.04,34.05,33.34,33.69,1790741
2026-04-09,JSW.WA,31.1,31.65,30.82,31.1,614582
2026-04-09,KGH.WA,301.0,308.45,300.0,303.2,688146
2026-04-09,KRU.WA,475.6,477.0,468.0,473.7,16838
2026-04-09,KTY.WA,1061.0,1069.0,1048.0,1069.0,6800
2026-04-09,LPP.WA,22420.0,22640.0,21760.0,22640.0,4044
2026-04-09,MBK.WA,1240.0,1259.5,1235.0,1235.0,33547
2026-04-09,MRB.WA,11.72,11.72,11.52,11.6,58657
2026-04-09,NVT.WA,102.5,102.5,100.5,100.5,63
2026-04-09,OPL.WA,13.8,14.585,13.8,14.585,1196580
2026-04-09,PCO.WA,28.68,28.68,27.61,28.2,937723
2026-04-09,PEO.WA,240.0,240.5,237.9,240.1,413199
2026-04-09,PGE.WA,11.0,11.25,10.905,11.18,3359647
2026-04-09,PKN.WA,133.0,136.0,132.82,136.0,2400776
2026-04-09,PKO.WA,95.0,96.16,94.6,95.61,2557546
2026-04-09,PZU.WA,66.84,67.14,66.06,67.14,1573098
2026-04-10,ALE.WA,27.0,27.98,26.9,27.7,8734528
2026-04-10,ALR.WA,125.45,128.0,123.4,126.0,207464
2026-04-10,BDX.WA,744.0,778.2,731.8,753.0,45360
2026-04-10,BHW.WA,118.0,120.0,117.2,119.2,41908
2026-04-10,CDR.WA,246.0,247.3,240.8,246.4,183084
2026-04-10,CPS.WA,11.62,11.745,11.525,11.64,330627
2026-04-10,DNP.WA,34.29,34.4,33.74,34.4,4407039
2026-04-10,JSW.WA,31.05,31.05,28.2,28.55,1426240
2026-04-10,KGH.WA,307.0,314.0,303.2,313.2,694317
2026-04-10,KRU.WA,480.0,482.0,472.5,482.0,30127
2026-04-10,KTY.WA,1070.0,1090.0,1046.0,1088.0,10890
2026-04-10,LPP.WA,22640.0,23440.0,22360.0,23440.0,5224
2026-04-10,MBK.WA,1262.5,1280.5,1223.5,1280.5,25783
2026-04-10,MRB.WA,11.6,12.15,11.52,11.96,168084
2026-04-10,NVT.WA,100.5,100.5,98.8,99.2,59
2026-04-10,OPL.WA,14.58,14.6,14.165,14.305,963676
2026-04-10,PCO.WA,28.2,28.45,27.85,28.02,1289091
2026-04-10,PEO.WA,245.2,248.8,238.8,247.8,571128
2026-04-10,PGE.WA,11.18,11.405,10.885,11.16,3470306
2026-04-10,PKN.WA,135.26,135.26,128.5,128.58,2385700
2026-04-10,PKO.WA,96.2,99.25,95.14,99.25,2948050
2026-04-10,PZU.WA,67.14,68.08,66.82,68.08,2246107
2026-04-13,ALE.WA,27.56,28.03,27.365,27.79,11361682
2026-04-13,ALR.WA,125.0,126.15,124.05,126.15,108368
2026-04-13,BDX.WA,746.0,753.6,733.4,749.0,25777
2026-04-13,BHW.WA,117.6,118.2,116.6,117.4,14013
2026-04-13,CDR.WA,246.2,246.2,240.1,245.1,234347
2026-04-13,CPS.WA,11.5,11.62,11.27,11.38,768891
2026-04-13,DNP.WA,34.23,34.73,33.95,34.73,3947116
2026-04-13,JSW.WA,29.7,29.99,28.6,28.6,674868
2026-04-13,KGH.WA,310.05,310.05,301.5,305.4,606037
2026-04-13,KRU.WA,481.0,481.0,471.7,479.4,21716
2026-04-13,KTY.WA,1080.0,1086.0,1061.0,1078.0,11032
2026-04-13,LPP.WA,23100.0,23480.0,23040.0,23420.0,1829
2026-04-13,MBK.WA,1256.0,1274.0,1248.5,1259.5,24468
2026-04-13,MRB.WA,12.0,12.15,11.85,11.85,137377
2026-04-13,NVT.WA,99.8,99.8,99.2,99.2,94
2026-04-13,OPL.WA,14.45,14.66,14.195,14.2,2372945
2026-04-13,PCO.WA,27.84,28.15,27.69,27.8,953876
2026-04-13,PEO.WA,246.0,247.9,243.5,247.5,1500973
2026-04-13,PGE.WA,11.1,11.395,11.0,11.16,2730959
2026-04-13,PKN.WA,132.66,134.0,129.32,131.4,2289944
2026-04-13,PKO.WA,98.8,99.65,97.8,99.3,4699360
2026-04-13,PZU.WA,67.9,67.9,67.04,67.8,1602771
2026-04-14,ALE.WA,28.06,28.975,27.815,28.8,6535594
2026-04-14,ALR.WA,127.0,127.75,125.1,127.65,208935
2026-04-14,BDX.WA,751.8,766.2,748.0,763.6,19726
2026-04-14,BHW.WA,118.0,119.0,117.6,119.0,14445
2026-04-14,CDR.WA,246.0,261.0,245.4,260.2,543450
2026-04-14,CPS.WA,11.51,11.525,11.395,11.51,421611
2026-04-14,DNP.WA,34.79,35.4,34.51,34.81,3703542
2026-04-14,JSW.WA,28.6,28.62,27.16,27.41,759318
2026-04-14,KGH.WA,306.1,319.0,306.1,316.8,897729
2026-04-14,KRU.WA,481.1,484.0,476.4,484.0,21960
2026-04-14,KTY.WA,1083.0,1089.0,1071.0,1088.0,8046
2026-04-14,LPP.WA,23500.0,23960.0,23240.0,23740.0,3874
2026-04-14,MBK.WA,1270.0,1282.0,1248.0,1271.5,18589
2026-04-14,MRB.WA,12.06,12.2,11.91,12.04,125239
2026-04-14,NVT.WA,99.0,99.0,98.4,98.4,34
2026-04-14,OPL.WA,14.34,14.48,14.045,14.375,828786
2026-04-14,PCO.WA,27.92,28.13,27.66,27.9,780976
2026-04-14,PEO.WA,250.0,253.8,248.2,250.6,602281
2026-04-14,PGE.WA,11.2,11.29,10.965,11.055,2491159
2026-04-14,PKN.WA,131.4,132.5,126.8,127.8,2253259
2026-04-14,PKO.WA,100.0,102.0,99.99,101.22,3377162
2026-04-14,PZU.WA,67.98,68.66,67.4,68.4,1789549
2026-04-15,ALE.WA,28.925,29.96,28.8,29.725,11312259
2026-04-15,ALR.WA,127.5,127.5,124.75,126.6,159156
2026-04-15,BDX.WA,760.2,769.8,745.0,750.0,31620
2026-04-15,BHW.WA,119.0,119.0,117.4,119.0,27739
2026-04-15,CDR.WA,260.2,273.5,258.3,271.0,525597
2026-04-15,CPS.WA,11.52,11.67,11.515,11.625,493198
2026-04-15,DNP.WA,34.77,35.0,34.1,35.0,3084539
2026-04-15,JSW.WA,27.5,27.55,26.7,26.75,687788
2026-04-15,KGH.WA,318.1,325.0,316.05,325.0,838836
2026-04-15,KRU.WA,476.8,487.2,475.0,487.2,22202
2026-04-15,KTY.WA,1088.0,1098.0,1077.0,1098.0,12235
2026-04-15,LPP.WA,23880.0,23880.0,23400.0,23760.0,4217
2026-04-15,MBK.WA,1271.5,1282.0,1258.0,1277.0,16319
2026-04-15,MRB.WA,12.04,12.15,11.96,12.1,65942
2026-04-15,NVT.WA,99.8,102.0,98.6,101.5,103
2026-04-15,OPL.WA,14.4,14.42,14.17,14.25,1360451
2026-04-15,PCO.WA,27.8,28.0,27.62,27.88,646028
2026-04-15,PEO.WA,250.7,252.3,247.0,250.2,477345
2026-04-15,PGE.WA,11.055,11.175,10.965,11.06,1869692
2026-04-15,PKN.WA,127.8,129.7,127.5,129.62,1666756
2026-04-15,PKO.WA,100.5,101.58,99.45,100.58,2884696
2026-04-15,PZU.WA,68.7,68.76,67.82,68.68,1567582
2026-04-16,ALE.WA,29.88,30.185,29.355,29.71,6921712
2026-04-16,ALR.WA,126.7,127.3,124.85,126.05,110991
2026-04-16,BDX.WA,750.0,759.8,735.2,737.0,26159
2026-04-16,BHW.WA,119.0,119.0,116.6,118.4,36253
2026-04-16,CDR.WA,270.0,278.8,269.0,277.7,569337
2026-04-16,CPS.WA,11.65,11.725,11.47,11.505,733423
2026-04-16,DNP.WA,35.15,35.37,34.73,34.99,2121758
2026-04-16,JSW.WA,26.98,27.65,26.52,27.27,881376
2026-04-16,KGH.WA,329.85,335.0,320.3,322.55,757626
2026-04-16,KRU.WA,487.2,491.0,484.2,485.6,21413
2026-04-16,KTY.WA,1098.0,1119.0,1078.0,1110.0,20915
2026-04-16,LPP.WA,23760.0,23980.0,23680.0,23880.0,2684
2026-04-16,MBK.WA,1282.5,1287.0,1248.0,1250.0,21642
2026-04-16,MRB.WA,12.2,12.35,12.06,12.15,109985
2026-04-16,NVT.WA,101.5,101.5,100.0,101.5,23
2026-04-16,OPL.WA,14.3,14.3,13.725,13.855,1402768
2026-04-16,PCO.WA,27.88,28.21,27.66,28.0,2320328
2026-04-16,PEO.WA,251.0,251.0,244.8,247.9,473714
2026-04-16,PGE.WA,11.0,11.05,10.67,10.755,2981046
2026-04-16,PKN.WA,129.6,129.96,127.5,129.64,1902430
2026-04-16,PKO.WA,101.22,101.22,98.65,99.84,2873909
2026-04-16,PZU.WA,68.78,68.78,67.34,67.98,2717386
2026-04-17,ALE.WA,29.855,30.76,29.7,30.68,6957317
2026-04-17,ALR.WA,126.7,129.9,125.15,129.8,222556
2026-04-17,BDX.WA,740.0,764.4,729.6,746.2,63513
2026-04-17,BHW.WA,118.6,120.0,117.0,119.6,33455
2026-04-17,CDR.WA,277.4,291.0,265.6,288.4,733013
2026-04-17,CPS.WA,11.63,11.73,11.5,11.695,520847
2026-04-17,DNP.WA,34.99,35.65,34.83,35.65,3622549
2026-04-17,JSW.WA,27.5,28.5,27.1,27.42,972644
2026-04-17,KGH.WA,322.55,342.0,317.0,341.65,1079236
2026-04-17,KRU.WA,488.3,496.4,480.0,496.4,59188
2026-04-17,KTY.WA,1109.0,1155.0,1096.0,1150.0,24179
2026-04-17,LPP.WA,23980.0,24380.0,23620.0,24200.0,2487
2026-04-17,MBK.WA,1250.0,1288.0,1234.5,1285.0,50994
2026-04-17,MRB.WA,12.2,12.34,12.09,12.32,98822
2026-04-17,NVT.WA,100.0,103.5,99.0,103.5,130
2026-04-17,OPL.WA,13.99,14.23,13.9,14.23,1177886
2026-04-17,PCO.WA,28.0,28.64,27.81,28.28,1191783
2026-04-17,PEO.WA,247.9,253.9,245.4,253.9,664042
2026-04-17,PGE.WA,10.7,10.745,10.425,10.545,3698348
2026-04-17,PKN.WA,129.5,129.94,123.0,124.02,2311600
2026-04-17,PKO.WA,99.82,102.54,99.15,102.0,3205076
2026-04-17,PZU.WA,68.18,69.66,67.36,69.58,2945592
2026-04-20,ALE.WA,30.68,30.76,30.22,30.28,6427904
2026-04-20,ALR.WA,128.95,128.95,126.6,127.25,108028
2026-04-20,BDX.WA,745.0,745.0,721.4,724.0,28168
2026-04-20,BHW.WA,119.4,119.4,117.6,119.2,33783
2026-04-20,CDR.WA,285.0,286.2,273.0,282.1,518699
2026-04-20,CPS.WA,11.69,12.24,11.6,12.105,1249274
2026-04-20,DNP.WA,35.6,35.6,35.04,35.04,2414037
2026-04-20,JSW.WA,28.19,28.54,27.54,27.76,585893
2026-04-20,KGH.WA,332.45,338.2,326.45,335.35,771940
2026-04-20,KRU.WA,492.6,493.1,482.6,489.5,12357
2026-04-20,KTY.WA,1144.0,1145.0,1120.0,1124.0,11482
2026-04-20,LPP.WA,24000.0,24080.0,23800.0,23900.0,3225
2026-04-20,MBK.WA,1253.0,1261.0,1244.0,1253.0,35148
2026-04-20,MRB.WA,12.32,12.32,11.95,11.98,130757
2026-04-20,NVT.WA,101.0,101.0,101.0,101.0,3
2026-04-20,OPL.WA,14.27,14.31,14.1,14.31,868376
2026-04-20,PCO.WA,27.86,28.49,27.81,28.25,578187
2026-04-20,PEO.WA,251.4,251.5,248.0,249.8,329316
2026-04-20,PGE.WA,10.59,10.64,10.41,10.42,1442526
2026-04-20,PKN.WA,125.98,127.78,125.58,127.48,1879743
2026-04-20,PKO.WA,100.54,101.14,99.79,100.62,1781649
2026-04-20,PZU.WA,69.44,69.46,68.5,68.76,1373400
2026-04-21,ALE.WA,30.8,30.8,30.28,30.345,3674951
2026-04-21,ALR.WA,127.95,128.45,126.5,126.8,191815
2026-04-21,BDX.WA,724.0,741.6,722.4,734.6,33939
2026-04-21,BHW.WA,119.0,120.0,118.0,118.6,36136
2026-04-21,CDR.WA,282.1,285.0,280.2,282.2,244626
2026-04-21,CPS.WA,11.78,12.85,11.55,12.75,3146392
2026-04-21,DNP.WA,35.13,35.38,34.55,34.65,1497953
2026-04-21,JSW.WA,27.7,28.0,27.41,27.6,503100
2026-04-21,KGH.WA,330.7,332.1,320.55,320.55,659142
2026-04-21,KRU.WA,484.9,494.2,481.9,490.0,18329
2026-04-21,KTY.WA,1123.0,1136.0,1118.0,1128.0,8229
2026-04-21,LPP.WA,24080.0,24480.0,23900.0,24280.0,5325
2026-04-21,MBK.WA,1259.5,1259.5,1208.0,1216.5,34538
2026-04-21,MRB.WA,11.9,11.98,11.48,11.6,290188
2026-04-21,NVT.WA,102.5,102.5,100.5,100.5,34
2026-04-21,OPL.WA,14.305,14.33,14.145,14.23,855409
2026-04-21,PCO.WA,28.2,28.84,28.15,28.6,1350372
2026-04-21,PEO.WA,251.4,251.5,247.5,247.8,211989
2026-04-21,PGE.WA,10.445,10.575,10.34,10.34,2371513
2026-04-21,PKN.WA,127.4,127.48,126.0,126.94,1110586
2026-04-21,PKO.WA,100.48,101.22,100.1,100.1,1058928
2026-04-21,PZU.WA,68.78,69.4,68.28,68.64,945017
2026-04-22,ALE.WA,30.25,30.265,29.85,29.875,5002872
2026-04-22,ALR.WA,127.05,127.15,124.55,125.5,111463
2026-04-22,BDX.WA,736.8,740.0,725.0,725.0,18769
2026-04-22,BHW.WA,119.0,119.0,117.0,118.6,29108
2026-04-22,CDR.WA,283.6,297.0,283.4,293.1,701753
2026-04-22,CPS.WA,12.9,13.8,12.8,13.4,3862892
2026-04-22,DNP.WA,34.65,34.65,33.99,34.01,2531940
2026-04-22,JSW.WA,27.75,28.45,27.55,27.9,275395
2026-04-22,KGH.WA,325.0,326.0,320.05,324.0,641365
2026-04-22,KRU.WA,489.8,489.8,481.5,488.0,16084
2026-04-22,KTY.WA,1128.0,1129.0,1111.0,1119.0,6926
2026-04-22,LPP.WA,24000.0,24180.0,23480.0,23620.0,3446
2026-04-22,MBK.WA,1215.5,1216.0,1188.0,1201.5,12326
2026-04-22,MRB.WA,11.6,11.82,11.28,11.38,182600
2026-04-22,NVT.WA,100.0,100.5,100.0,100.5,4
2026-04-22,OPL.WA,14.325,14.46,14.235,14.45,733904
2026-04-22,PCO.WA,28.54,29.24,28.48,29.22,1193371
2026-04-22,PEO.WA,248.5,249.2,242.5,243.7,410406
2026-04-22,PGE.WA,10.39,10.725,10.34,10.62,2551919
2026-04-22,PKN.WA,126.94,129.62,126.5,127.98,1246827
2026-04-22,PKO.WA,100.8,100.8,97.84,98.41,1925732
2026-04-22,PZU.WA,68.64,68.64,66.66,66.66,1643599
2026-04-23,ALE.WA,29.8,30.41,29.62,30.015,4723103
2026-04-23,ALR.WA,125.75,125.75,121.6,123.45,253093
2026-04-23,BDX.WA,721.6,726.0,702.6,722.4,18090
2026-04-23,BHW.WA,117.0,118.4,116.2,117.4,19340
2026-04-23,CDR.WA,293.0,293.0,283.0,283.7,311722
2026-04-23,CPS.WA,13.4,13.6,13.2,13.59,2119193
2026-04-23,DNP.WA,34.01,34.08,33.22,33.26,4079886
2026-04-23,JSW.WA,28.4,29.1,28.05,28.2,351482
2026-04-23,KGH.WA,320.0,325.25,313.5,323.35,710943
2026-04-23,KRU.WA,488.0,488.0,469.4,474.0,19391
2026-04-23,KTY.WA,1135.0,1139.0,1104.0,1127.0,8866
2026-04-23,LPP.WA,23500.0,23540.0,23000.0,23280.0,3297
2026-04-23,MBK.WA,1202.0,1210.0,1165.0,1177.5,39964
2026-04-23,MRB.WA,11.5,12.0,11.29,11.4,520810
2026-04-23,NVT.WA,101.0,101.0,99.0,100.0,79
2026-04-23,OPL.WA,14.545,14.57,14.095,14.25,1545521
2026-04-23,PCO.WA,30.9,31.94,30.03,31.81,3727967
2026-04-23,PEO.WA,242.8,243.2,235.5,237.2,620558
2026-04-23,PGE.WA,10.655,10.745,10.47,10.69,3099760
2026-04-23,PKN.WA,128.2,129.78,127.76,128.54,1589406
2026-04-23,PKO.WA,99.03,99.13,95.8,96.71,2233582
2026-04-23,PZU.WA,66.66,66.66,64.82,65.08,2537605
2026-04-24,ALE.WA,30.1,30.435,29.89,30.2,3839121
2026-04-24,ALR.WA,123.4,123.4,118.75,119.8,324842
2026-04-24,BDX.WA,715.0,719.0,697.2,704.2,20679
2026-04-24,BHW.WA,116.6,117.6,115.2,116.2,21818
2026-04-24,CDR.WA,282.8,285.2,277.0,278.9,273843
2026-04-24,CPS.WA,13.59,14.02,13.37,13.905,1473757
2026-04-24,DNP.WA,33.5,33.85,33.3,33.48,1283300
2026-04-24,JSW.WA,28.45,28.45,27.51,27.62,356472
2026-04-24,KGH.WA,318.7,319.8,314.45,318.1,568889
2026-04-24,KRU.WA,474.0,479.0,468.0,473.2,28173
2026-04-24,KTY.WA,1115.0,1133.0,1110.0,1125.0,12799
2026-04-24,LPP.WA,23300.0,23300.0,22520.0,22620.0,3089
2026-04-24,MBK.WA,1179.0,1190.0,1150.0,1158.0,34505
2026-04-24,MRB.WA,11.56,11.64,11.15,11.29,178600
2026-04-24,NVT.WA,98.6,98.6,98.6,98.6,2
2026-04-24,OPL.WA,14.35,14.51,14.1,14.445,1051693
2026-04-24,PCO.WA,32.0,32.4,31.58,31.9,1801135
2026-04-24,PEO.WA,237.4,238.1,233.8,235.8,604607
2026-04-24,PGE.WA,10.69,11.0,10.63,10.95,2595308
2026-04-24,PKN.WA,128.8,129.54,127.54,129.08,963216
2026-04-24,PKO.WA,97.58,97.76,95.29,96.58,2038341
2026-04-24,PZU.WA,65.08,65.1,64.2,65.0,1452648
2026-04-27,ALE.WA,30.3,30.6,30.1,30.365,2654640
2026-04-27,ALR.WA,122.75,122.9,118.4,120.95,284267
2026-04-27,BDX.WA,717.8,720.0,684.2,687.6,22641
2026-04-27,BHW.WA,115.8,117.0,115.4,116.0,8864
2026-04-27,CDR.WA,278.0,280.0,275.1,279.9,169897
2026-04-27,CPS.WA,13.905,13.925,13.665,13.75,931959
2026-04-27,DNP.WA,33.56,33.95,33.43,33.5,1216878
2026-04-27,JSW.WA,28.2,28.2,26.9,26.9,357356
2026-04-27,KGH.WA,318.0,319.5,308.55,312.0,410614
2026-04-27,KRU.WA,477.8,480.2,466.6,466.7,20317
2026-04-27,KTY.WA,1120.0,1124.0,1103.0,1112.0,11202
2026-04-27,LPP.WA,22620.0,22800.0,22340.0,22660.0,2285
2026-04-27,MBK.WA,1152.5,1167.0,1134.0,1141.0,18509
2026-04-27,MRB.WA,11.31,11.78,11.21,11.46,128855
2026-04-27,NVT.WA,99.2,101.0,99.0,99.0,11
2026-04-27,OPL.WA,14.45,14.48,14.15,14.265,505811
2026-04-27,PCO.WA,31.99,33.14,31.92,32.78,3155994
2026-04-27,PEO.WA,237.0,238.0,232.5,232.8,645397
2026-04-27,PGE.WA,10.96,11.095,10.8,10.88,7273314
2026-04-27,PKN.WA,129.08,129.3,126.92,127.1,946895
2026-04-27,PKO.WA,96.89,96.93,96.09,96.86,1969260
2026-04-27,PZU.WA,65.4,65.58,64.04,64.04,2006446
2026-04-28,ALE.WA,30.23,30.415,29.51,29.53,4502367
2026-04-28,ALR.WA,121.2,125.0,120.1,123.0,368239
2026-04-28,BDX.WA,687.0,692.0,665.0,666.4,32166
2026-04-28,BHW.WA,115.6,117.2,115.2,115.6,17917
2026-04-28,CDR.WA,281.1,282.6,277.4,277.5,136925
2026-04-28,CPS.WA,13.9,14.025,13.72,13.72,1795552
2026-04-28,DNP.WA,33.6,33.7,32.25,32.25,2660996
2026-04-28,JSW.WA,26.9,29.37,26.77,29.06,724004
2026-04-28,KGH.WA,308.0,312.2,298.5,299.2,642484
2026-04-28,KRU.WA,465.5,476.0,465.1,468.3,19344
2026-04-28,KTY.WA,1115.0,1124.0,1091.0,1097.0,7218
2026-04-28,LPP.WA,22500.0,22820.0,22220.0,22300.0,2496
2026-04-28,MBK.WA,1143.0,1162.0,1130.5,1133.0,16407
2026-04-28,MRB.WA,11.5,11.56,10.83,10.85,419689
2026-04-28,NVT.WA,102.5,102.5,102.5,102.5,21
2026-04-28,OPL.WA,14.265,14.35,14.065,14.155,1139099
2026-04-28,PCO.WA,32.39,33.74,32.39,33.0,2746411
2026-04-28,PEO.WA,234.0,237.3,233.2,233.6,667542
2026-04-28,PGE.WA,10.81,10.93,10.625,10.625,1597593
2026-04-28,PKN.WA,127.32,129.4,126.98,128.32,1380890
2026-04-28,PKO.WA,96.75,98.52,96.46,96.46,2022677
2026-04-28,PZU.WA,64.4,65.26,64.2,64.4,1536435
2026-04-29,ALE.WA,29.54,30.145,29.42,29.99,4310507
2026-04-29,ALR.WA,123.65,125.35,121.5,121.65,339388
2026-04-29,BDX.WA,666.4,674.2,658.0,661.6,54479
2026-04-29,BHW.WA,116.6,116.6,115.2,115.4,19221
2026-04-29,CDR.WA,277.5,281.0,275.3,276.2,282965
2026-04-29,CPS.WA,13.62,15.185,13.62,15.07,4600557
2026-04-29,DNP.WA,32.26,32.61,31.46,31.46,3297912
2026-04-29,JSW.WA,29.26,29.4,28.08,28.1,345945
2026-04-29,KGH.WA,301.85,308.9,298.9,299.9,748814
2026-04-29,KRU.WA,472.0,476.3,463.1,463.4,48961
2026-04-29,KTY.WA,1104.0,1117.0,1064.0,1099.0,39420
2026-04-29,LPP.WA,22320.0,22700.0,22080.0,22200.0,4845
2026-04-29,MBK.WA,1149.5,1180.5,1127.0,1135.5,41222
2026-04-29,MRB.WA,11.0,11.21,10.81,11.1,439342
2026-04-29,NVT.WA,99.0,101.0,99.0,101.0,5
2026-04-29,OPL.WA,14.295,14.425,14.21,14.315,857193
2026-04-29,PCO.WA,33.27,33.3,32.25,32.25,1714084
2026-04-29,PEO.WA,234.9,237.4,230.1,232.2,1033880
2026-04-29,PGE.WA,10.5,11.07,10.5,10.82,5249277
2026-04-29,PKN.WA,128.5,133.08,128.42,130.92,2633451
2026-04-29,PKO.WA,97.42,98.42,95.75,96.24,2656862
2026-04-29,PZU.WA,64.56,64.94,63.86,64.28,3882329
2026-04-30,ALE.WA,30.15,30.16,29.62,29.745,3282318
2026-04-30,ALR.WA,123.9,125.0,120.8,123.75,369580
2026-04-30,BDX.WA,662.0,668.0,650.4,658.0,57856
2026-04-30,BHW.WA,116.6,116.6,114.2,114.4,20504
2026-04-30,CDR.WA,276.0,279.4,273.3,275.6,212647
2026-04-30,CPS.WA,14.9,15.185,14.73,15.005,1156077
2026-04-30,DNP.WA,31.64,32.27,31.23,32.06,2263716
2026-04-30,JSW.WA,28.78,28.93,28.05,28.3,286967
2026-04-30,KGH.WA,304.05,304.95,297.1,302.8,1598572
2026-04-30,KRU.WA,471.5,473.8,426.2,436.3,134936
2026-04-30,KTY.WA,1082.0,1113.0,1077.0,1107.0,19112
2026-04-30,LPP.WA,22420.0,22420.0,21600.0,21880.0,3226
2026-04-30,MBK.WA,1164.0,1164.0,1122.0,1141.5,32945
2026-04-30,MRB.WA,11.17,11.17,10.97,11.05,84279
2026-04-30,NVT.WA,101.5,102.0,101.5,102.0,2
2026-04-30,OPL.WA,14.315,14.88,14.26,14.875,1941049
2026-04-30,PCO.WA,32.24,32.49,30.2,32.25,1169311
2026-04-30,PEO.WA,237.0,237.0,226.1,226.3,2014546
2026-04-30,PGE.WA,10.805,10.815,10.41,10.65,3478649
2026-04-30,PKN.WA,132.16,135.0,131.84,132.92,2348693
2026-04-30,PKO.WA,96.3,96.51,94.23,94.64,2724662
2026-04-30,PZU.WA,64.28,64.4,62.96,63.6,3754027
2026-05-04,ALE.WA,30.0,30.35,29.685,29.82,2488061
2026-05-04,ALR.WA,125.0,126.9,123.3,124.55,271025
2026-05-04,BDX.WA,665.0,672.4,647.6,654.0,49476
2026-05-04,BHW.WA,114.8,116.4,114.6,114.6,23433
2026-05-04,CDR.WA,276.0,279.5,264.2,264.2,248814
2026-05-04,CPS.WA,15.0,15.685,14.84,15.62,1667735
2026-05-04,DNP.WA,32.1,32.42,31.86,32.06,2548859
2026-05-04,JSW.WA,28.4,29.5,28.4,29.0,395149
2026-05-04,KGH.WA,303.85,304.75,293.0,294.6,498723
2026-05-04,KRU.WA,445.0,451.0,439.0,443.0,32390
2026-05-04,KTY.WA,1124.0,1137.0,1112.0,1118.0,17417
2026-05-04,LPP.WA,22040.0,22040.0,21120.0,21320.0,2956
2026-05-04,MBK.WA,1142.0,1166.0,1114.0,1128.5,16228
2026-05-04,MRB.WA,11.14,11.14,10.97,11.1,97130
2026-05-04,NVT.WA,102.5,102.5,102.5,102.5,30
2026-05-04,OPL.WA,14.875,15.1,14.72,14.895,1547306
2026-05-04,PCO.WA,32.7,33.05,31.7,32.1,1484977
2026-05-04,PEO.WA,233.7,234.5,226.1,228.9,571466
2026-05-04,PGE.WA,10.65,10.855,10.37,10.565,1854103
2026-05-04,PKN.WA,133.6,138.0,133.5,138.0,2309175
2026-05-04,PKO.WA,95.03,96.42,93.57,94.77,1774878
2026-05-04,PZU.WA,64.4,64.66,62.78,63.26,1728589
2026-05-05,ALE.WA,29.855,30.27,29.68,29.82,2381393
2026-05-05,ALR.WA,125.5,125.5,122.0,122.8,228679
2026-05-05,BDX.WA,656.2,665.2,646.0,664.2,77680
2026-05-05,BHW.WA,115.0,116.4,114.6,116.4,11582
2026-05-05,CDR.WA,265.0,266.0,260.3,262.2,225070
2026-05-05,CPS.WA,15.465,15.89,15.2,15.605,2164796
2026-05-05,DNP.WA,32.05,32.62,31.9,32.02,3371366
2026-05-05,JSW.WA,29.0,30.78,28.7,30.54,750872
2026-05-05,KGH.WA,298.2,301.25,292.9,301.25,522978
2026-05-05,KRU.WA,448.0,449.0,429.0,433.0,54639
2026-05-05,KTY.WA,1132.0,1150.0,1113.0,1141.0,18742
2026-05-05,LPP.WA,21380.0,21620.0,21140.0,21420.0,3928
2026-05-05,MBK.WA,1145.0,1145.0,1103.0,1125.0,17420
2026-05-05,MRB.WA,11.1,11.1,10.99,11.05,106757
2026-05-05,NVT.WA,102.5,103.0,102.5,102.5,24
2026-05-05,OPL.WA,15.0,15.695,14.88,15.61,2251357
2026-05-05,PCO.WA,32.1,32.23,31.62,31.92,1097162
2026-05-05,PEO.WA,229.2,229.7,225.5,229.7,718253
2026-05-05,PGE.WA,10.565,10.9,10.53,10.875,2540262
2026-05-05,PKN.WA,138.0,144.66,137.22,144.26,2725340
2026-05-05,PKO.WA,95.0,95.47,93.2,95.05,2384863
2026-05-05,PZU.WA,63.48,63.66,62.92,63.22,1963212
2026-05-06,ALE.WA,30.05,31.48,30.05,30.98,6587215
2026-05-06,ALR.WA,126.45,129.25,124.2,127.4,273654
2026-05-06,BDX.WA,680.0,701.4,676.0,697.6,68696
2026-05-06,BHW.WA,116.0,119.2,116.0,119.0,32959
2026-05-06,CDR.WA,265.0,272.0,262.3,267.1,384869
2026-05-06,CPS.WA,15.61,16.195,15.47,16.18,1747321
2026-05-06,DNP.WA,32.2,32.75,32.01,32.55,3889113
2026-05-06,JSW.WA,30.58,30.59,28.85,29.57,762095
2026-05-06,KGH.WA,310.0,332.85,309.0,332.85,1406058
2026-05-06,KRU.WA,439.9,443.1,433.4,441.0,52776
2026-05-06,KTY.WA,1150.0,1179.0,1146.0,1166.0,23905
2026-05-06,LPP.WA,21520.0,22760.0,21420.0,22540.0,4961
2026-05-06,MBK.WA,1136.0,1210.0,1127.0,1195.0,28475
2026-05-06,MRB.WA,11.05,11.34,11.02,11.25,367655
2026-05-06,NVT.WA,102.5,103.0,102.5,103.0,13
2026-05-06,OPL.WA,15.6,15.695,15.255,15.45,1565653
2026-05-06,PCO.WA,31.92,33.0,31.91,33.0,1043961
2026-05-06,PEO.WA,232.0,240.6,231.0,237.2,619699
2026-05-06,PGE.WA,10.95,11.135,10.8,11.135,3606571
2026-05-06,PKN.WA,145.0,145.0,136.58,141.0,2871298
2026-05-06,PKO.WA,96.16,98.76,95.55,97.09,2720109
2026-05-06,PZU.WA,64.36,65.9,63.72,65.18,2397291
2026-05-07,ALE.WA,31.3,31.4,30.61,30.86,6425384
2026-05-07,ALR.WA,128.9,128.9,125.0,125.1,227287
2026-05-07,BDX.WA,704.0,704.0,677.0,678.2,51448
2026-05-07,BHW.WA,119.0,119.0,116.4,117.4,32116
2026-05-07,CDR.WA,268.1,268.2,261.6,266.0,290934
2026-05-07,CPS.WA,16.18,16.2,15.85,16.03,1280511
2026-05-07,DNP.WA,32.65,32.76,30.84,31.02,6201317
2026-05-07,JSW.WA,29.6,29.6,28.68,28.71,500180
2026-05-07,KGH.WA,333.1,336.45,326.2,334.0,916852
2026-05-07,KRU.WA,442.0,442.0,433.7,435.0,74381
2026-05-07,KTY.WA,1166.0,1174.0,1141.0,1150.0,10821
2026-05-07,LPP.WA,22540.0,22680.0,22220.0,22300.0,2128
2026-05-07,MBK.WA,1195.0,1212.5,1172.0,1173.0,21031
2026-05-07,MRB.WA,11.3,11.56,11.27,11.4,200218
2026-05-07,NVT.WA,103.0,103.0,101.0,101.0,14
2026-05-07,OPL.WA,15.56,15.56,15.285,15.485,2002797
2026-05-07,PCO.WA,33.07,33.3,32.1,32.35,1322116
2026-05-07,PEO.WA,237.5,238.8,233.8,235.1,408300
2026-05-07,PGE.WA,11.125,11.125,10.8,10.91,2292871
2026-05-07,PKN.WA,141.0,141.7,138.1,140.0,1607314
2026-05-07,PKO.WA,97.8,97.8,95.65,96.54,2083208
2026-05-07,PZU.WA,66.02,66.04,64.34,64.54,1509838
2026-05-08,ALE.WA,30.75,30.84,29.8,29.835,4231692
2026-05-08,ALR.WA,126.0,126.4,123.1,123.5,2060153
2026-05-08,BDX.WA,680.0,680.4,656.2,660.0,36958
2026-05-08,BHW.WA,118.6,118.6,115.2,115.8,19641
2026-05-08,CDR.WA,266.4,266.4,260.0,260.8,190580
2026-05-08,CPS.WA,16.05,16.1,15.91,16.0,383452
2026-05-08,DNP.WA,30.88,31.13,29.9,30.39,7161356
2026-05-08,JSW.WA,29.2,29.2,28.3,28.39,328954
2026-05-08,KGH.WA,337.0,341.0,333.2,338.65,691717
2026-05-08,KRU.WA,434.2,435.5,428.4,432.0,24611
2026-05-08,KTY.WA,1160.0,1160.0,1126.0,1135.0,9468
2026-05-08,LPP.WA,22100.0,22140.0,20440.0,20820.0,7730
2026-05-08,MBK.WA,1198.0,1198.0,1141.5,1148.5,19520
2026-05-08,MRB.WA,11.3,11.3,11.04,11.09,145111
2026-05-08,NVT.WA,102.0,102.0,101.0,102.0,36
2026-05-08,OPL.WA,15.485,15.49,15.12,15.26,682655
2026-05-08,PCO.WA,32.01,32.3,31.37,31.79,1594344
2026-05-08,PEO.WA,237.1,237.1,229.3,231.0,375738
2026-05-08,PGE.WA,10.92,10.92,10.4,10.54,2931349
2026-05-08,PKN.WA,140.2,141.78,138.66,140.3,737872
2026-05-08,PKO.WA,96.24,96.42,94.31,94.65,1696157
2026-05-08,PZU.WA,65.0,65.16,63.16,63.22,1339332
2026-05-11,ALE.WA,29.835,29.9,29.43,29.695,3106761
2026-05-11,ALR.WA,123.5,127.5,122.65,126.1,248193
2026-05-11,BDX.WA,665.0,668.0,651.6,663.0,33490
2026-05-11,BHW.WA,115.8,116.8,114.4,115.4,27984
2026-05-11,CDR.WA,261.0,262.3,257.7,260.7,162036
2026-05-11,CPS.WA,16.0,16.16,15.83,15.995,690833
2026-05-11,DNP.WA,30.6,30.68,29.51,29.6,3780605
2026-05-11,JSW.WA,28.5,29.03,28.38,28.5,229464
2026-05-11,KGH.WA,337.0,357.9,333.4,356.65,943394
2026-05-11,KRU.WA,436.0,436.7,428.1,430.0,61996
2026-05-11,KTY.WA,1137.0,1142.0,1117.0,1134.0,6965
2026-05-11,LPP.WA,20900.0,20900.0,20440.0,20600.0,3599
2026-05-11,MBK.WA,1142.0,1186.0,1130.5,1174.0,22111
2026-05-11,MRB.WA,11.09,11.09,10.88,10.88,220075
2026-05-11,NVT.WA,102.0,102.0,99.8,99.8,136
2026-05-11,OPL.WA,15.265,15.48,15.145,15.415,1150777
2026-05-11,PCO.WA,31.79,31.98,31.37,31.71,636261
2026-05-11,PEO.WA,233.0,235.2,229.7,233.7,450038
2026-05-11,PGE.WA,10.555,10.93,10.47,10.915,1778070
2026-05-11,PKN.WA,141.0,145.18,140.72,143.86,1479831
2026-05-11,PKO.WA,95.21,96.74,94.24,96.14,1531044
2026-05-11,PZU.WA,63.5,64.34,63.0,63.8,1287838
2026-05-12,ALE.WA,29.81,29.81,28.79,28.795,4186635
2026-05-12,ALR.WA,120.0,120.4,115.75,117.55,395564
2026-05-12,BDX.WA,663.0,669.8,645.2,655.8,53555
2026-05-12,BHW.WA,114.6,116.4,113.6,114.4,36850
2026-05-12,CDR.WA,262.0,262.9,255.0,255.5,193262
2026-05-12,CPS.WA,15.95,16.8,15.83,16.575,1498855
2026-05-12,DNP.WA,29.65,29.81,28.96,28.96,6629922
2026-05-12,JSW.WA,28.9,29.09,28.08,28.08,304890
2026-05-12,KGH.WA,351.05,353.0,345.7,352.0,714149
2026-05-12,KRU.WA,431.0,431.0,419.8,421.6,53824
2026-05-12,KTY.WA,1143.0,1143.0,1101.0,1101.0,16140
2026-05-12,LPP.WA,20600.0,20680.0,20040.0,20180.0,4637
2026-05-12,MBK.WA,1186.5,1186.5,1152.0,1169.5,34121
2026-05-12,MRB.WA,11.0,11.0,10.54,10.62,230085
2026-05-12,NVT.WA,100.0,100.0,99.6,99.6,25
2026-05-12,OPL.WA,15.495,15.515,15.0,15.05,1410105
2026-05-12,PCO.WA,31.51,31.59,30.58,30.58,1652676
2026-05-12,PEO.WA,237.0,237.0,228.4,230.1,654890
2026-05-12,PGE.WA,10.91,10.945,10.65,10.695,2031308
2026-05-12,PKN.WA,144.0,146.98,142.92,143.38,1730291
2026-05-12,PKO.WA,95.8,96.08,94.0,95.02,2450933
2026-05-12,PZU.WA,63.98,64.0,62.9,63.18,1682499
2026-05-13,ALE.WA,28.98,30.49,28.795,30.39,6335644
2026-05-13,ALR.WA,118.5,120.5,117.75,119.9,241293
2026-05-13,BDX.WA,656.4,676.6,640.8,674.2,70398
2026-05-13,BHW.WA,115.0,115.0,113.8,115.0,24240
2026-05-13,CDR.WA,259.8,259.9,254.4,256.1,152032
2026-05-13,CPS.WA,16.6,16.88,16.56,16.75,1014363
2026-05-13,DNP.WA,29.16,29.2,28.24,28.5,6575247
2026-05-13,JSW.WA,28.0,28.24,27.3,28.0,528766
2026-05-13,KGH.WA,360.0,380.0,360.0,380.0,1335943
2026-05-13,KRU.WA,422.0,425.9,418.4,424.7,43463
2026-05-13,KTY.WA,1110.0,1129.0,1102.0,1129.0,7739
2026-05-13,LPP.WA,20240.0,20480.0,19950.0,20240.0,2966
2026-05-13,MBK.WA,1170.0,1198.5,1170.0,1192.0,19224
2026-05-13,MRB.WA,10.69,10.86,10.04,10.29,385762
2026-05-13,OPL.WA,15.17,15.48,15.085,15.48,600725
2026-05-13,PCO.WA,30.59,30.83,30.32,30.74,783810
2026-05-13,PEO.WA,232.0,234.0,229.8,233.4,471504
2026-05-13,PGE.WA,10.775,10.865,10.58,10.74,1430285
2026-05-13,PKN.WA,144.0,145.4,143.14,144.68,1137015
2026-05-13,PKO.WA,95.99,96.87,95.19,96.83,1641615
2026-05-13,PZU.WA,63.6,63.94,63.04,63.68,1468913
2026-05-14,ALE.WA,31.3,31.38,30.24,30.67,8978057
2026-05-14,ALR.WA,120.5,124.25,119.25,123.5,368358
2026-05-14,BDX.WA,678.0,693.4,672.6,683.2,56696
2026-05-14,BHW.WA,115.4,117.2,114.6,117.0,19905
2026-05-14,CDR.WA,260.0,267.3,258.5,259.3,342048
2026-05-14,CPS.WA,16.75,16.93,16.17,16.555,949888
2026-05-14,DNP.WA,28.74,29.35,28.41,29.17,5182043
2026-05-14,JSW.WA,28.66,28.67,27.36,27.98,461886
2026-05-14,KGH.WA,378.5,381.1,362.1,367.9,1300955
2026-05-14,KRU.WA,424.5,433.2,423.5,428.3,42375
2026-05-14,KTY.WA,1134.0,1155.0,1119.0,1147.0,9887
2026-05-14,LPP.WA,20320.0,20800.0,20160.0,20680.0,2670
2026-05-14,MBK.WA,1200.0,1265.0,1200.0,1250.0,39853
2026-05-14,MRB.WA,10.15,10.35,9.8,10.15,380256
2026-05-14,NVT.WA,99.8,101.0,99.8,101.0,4
2026-05-14,OPL.WA,15.59,15.835,15.465,15.705,719504
2026-05-14,PCO.WA,30.74,31.23,30.33,31.05,871734
2026-05-14,PEO.WA,234.3,240.8,233.2,238.5,479520
2026-05-14,PGE.WA,10.6,10.64,10.34,10.38,2965440
2026-05-14,PKN.WA,144.9,145.74,144.0,144.36,885736
2026-05-14,PKO.WA,97.5,100.2,96.95,100.0,2368387
2026-05-14,PZU.WA,64.26,64.98,63.2,64.16,1657196
2026-05-15,ALE.WA,30.5,31.0,30.135,30.92,4002479
2026-05-15,ALR.WA,122.8,123.05,121.0,121.0,253367
2026-05-15,BDX.WA,700.0,701.2,669.4,674.0,42569
2026-05-15,BHW.WA,115.6,116.0,114.4,115.0,18094
2026-05-15,CDR.WA,258.0,260.2,254.8,257.8,170272
2026-05-15,CPS.WA,16.45,16.69,16.365,16.465,709634
2026-05-15,DNP.WA,33.5,34.49,31.4,32.08,14045348
2026-05-15,JSW.WA,27.98,27.99,26.13,26.45,808739
2026-05-15,KGH.WA,351.05,352.0,334.85,336.15,1505104
2026-05-15,KRU.WA,429.0,432.0,424.6,426.1,23689
2026-05-15,KTY.WA,1132.0,1154.0,1125.0,1150.0,6985
2026-05-15,LPP.WA,20480.0,20680.0,20280.0,20460.0,2171
2026-05-15,MBK.WA,1242.0,1249.5,1212.0,1221.0,26531
2026-05-15,MRB.WA,10.17,10.24,10.0,10.06,170209
2026-05-15,NVT.WA,100.0,100.0,99.6,99.6,24
2026-05-15,OPL.WA,15.8,15.835,15.555,15.705,851794
2026-05-15,PCO.WA,30.71,31.07,30.46,30.83,587828
2026-05-15,PEO.WA,237.1,237.8,230.7,231.8,521667
2026-05-15,PGE.WA,10.4,10.43,10.0,10.03,3444090
2026-05-15,PKN.WA,144.7,144.96,140.0,140.08,1093552
2026-05-15,PKO.WA,98.72,98.96,97.16,97.5,1731047
2026-05-15,PZU.WA,64.1,64.12,62.32,62.44,1608711
2026-05-18,ALE.WA,30.4,32.14,30.29,31.835,5476287
2026-05-18,ALR.WA,120.8,123.0,119.35,121.8,200218
2026-05-18,BDX.WA,674.2,677.6,658.8,666.6,45793
2026-05-18,BHW.WA,114.4,116.6,114.0,116.6,33976
2026-05-18,CDR.WA,261.0,265.8,257.9,262.9,456974
2026-05-18,CPS.WA,16.4,16.575,16.245,16.565,589169
2026-05-18,DNP.WA,32.08,32.79,31.51,32.33,3140676
2026-05-18,JSW.WA,26.45,26.98,26.25,26.4,427402
2026-05-18,KGH.WA,336.0,345.0,330.15,339.45,551566
2026-05-18,KRU.WA,427.0,427.3,420.9,425.0,78720
2026-05-18,KTY.WA,1150.0,1167.0,1131.0,1161.0,11237
2026-05-18,LPP.WA,20380.0,21380.0,20240.0,21300.0,3723
2026-05-18,MBK.WA,1217.0,1255.0,1208.5,1229.5,56414
2026-05-18,MRB.WA,10.07,10.2,9.765,9.95,184886
2026-05-18,NVT.WA,101.0,101.0,99.0,99.0,74
2026-05-18,OPL.WA,15.775,15.875,15.565,15.875,856527
2026-05-18,PCO.WA,30.66,32.37,30.42,32.08,1019421
2026-05-18,PEO.WA,231.8,233.9,229.2,232.0,467901
2026-05-18,PGE.WA,10.075,10.32,9.95,10.3,1989937
2026-05-18,PKN.WA,141.0,145.12,140.6,145.12,1229884
2026-05-18,PKO.WA,97.34,98.72,96.12,98.41,1650232
2026-05-18,PZU.WA,62.5,63.96,61.8,63.7,1640915
2026-05-19,ALE.WA,31.9,32.41,31.49,31.84,4674370
2026-05-19,ALR.WA,121.8,122.85,119.25,120.0,211468
2026-05-19,BDX.WA,670.0,680.6,664.8,665.6,38983
2026-05-19,BHW.WA,117.4,118.2,116.0,116.6,37141
2026-05-19,CDR.WA,266.3,267.5,258.9,260.3,274602
2026-05-19,CPS.WA,16.565,16.89,16.395,16.59,914149
2026-05-19,DNP.WA,32.63,32.75,31.9,32.3,4834683
2026-05-19,JSW.WA,26.98,27.22,26.0,26.11,433047
2026-05-19,KGH.WA,339.0,339.5,318.3,320.35,1038830
2026-05-19,KRU.WA,425.0,426.8,421.0,421.6,53757
2026-05-19,KTY.WA,1162.0,1173.0,1143.0,1143.0,15128
2026-05-19,LPP.WA,21360.0,21480.0,20960.0,21060.0,2281
2026-05-19,MBK.WA,1254.0,1255.0,1187.0,1187.0,20651
2026-05-19,MRB.WA,9.95,10.84,9.85,10.42,223063
2026-05-19,NVT.WA,99.0,104.0,98.0,102.5,432
2026-05-19,OPL.WA,15.9,16.125,15.835,15.995,1389426
2026-05-19,PCO.WA,32.1,32.5,31.9,32.23,755401
2026-05-19,PEO.WA,233.0,234.5,228.1,228.5,648359
2026-05-19,PGE.WA,10.38,10.49,10.245,10.28,1675728
2026-05-19,PKN.WA,145.12,146.3,143.12,143.34,1328025
2026-05-19,PKO.WA,98.55,99.25,96.73,96.84,1986884
2026-05-19,PZU.WA,63.7,64.1,62.94,63.08,1265071
2026-05-20,ALE.WA,31.745,32.52,31.51,32.27,2886795
2026-05-20,ALR.WA,120.0,122.95,119.05,121.65,158676
2026-05-20,BDX.WA,665.4,684.6,661.2,677.8,34863
2026-05-20,BHW.WA,118.0,119.0,116.4,119.0,51608
2026-05-20,CDR.WA,260.2,260.4,255.6,257.2,277032
2026-05-20,CPS.WA,16.69,16.705,16.445,16.65,692360
2026-05-20,DNP.WA,32.5,32.7,32.12,32.48,3745914
2026-05-20,JSW.WA,26.13,26.34,25.69,25.76,339650
2026-05-20,KGH.WA,322.1,328.9,317.1,326.2,1608993
2026-05-20,KRU.WA,424.0,425.6,418.7,423.0,71706
2026-05-20,KTY.WA,1141.0,1185.0,1140.0,1182.0,17088
2026-05-20,LPP.WA,21100.0,21320.0,20740.0,21160.0,2279
2026-05-20,MBK.WA,1200.5,1222.5,1169.5,1206.0,19723
2026-05-20,MRB.WA,10.46,10.63,10.3,10.51,155487
2026-05-20,NVT.WA,105.0,108.0,103.0,108.0,150
2026-05-20,OPL.WA,16.1,16.33,15.945,16.32,1196816
2026-05-20,PCO.WA,32.31,32.34,31.38,32.19,954975
2026-05-20,PEO.WA,230.0,235.7,227.0,234.1,575942
2026-05-20,PGE.WA,10.285,10.385,10.19,10.305,1646644
2026-05-20,PKN.WA,143.34,146.46,143.2,145.48,1628911
2026-05-20,PKO.WA,97.39,100.6,96.48,100.04,2626127
2026-05-20,PZU.WA,63.22,64.46,62.8,64.18,1119199
2026-05-21,ALE.WA,32.4,32.8,32.15,32.59,4287984
2026-05-21,ALR.WA,121.1,124.15,121.0,122.35,215929
2026-05-21,BDX.WA,681.0,700.0,670.2,700.0,112645
2026-05-21,BHW.WA,119.0,120.0,117.8,118.2,35719
2026-05-21,CDR.WA,255.0,257.6,249.3,255.0,308796
2026-05-21,CPS.WA,16.88,16.88,15.565,16.635,1201218
2026-05-21,DNP.WA,32.6,32.69,31.51,31.57,3888108
2026-05-21,JSW.WA,25.8,26.45,25.76,26.45,393030
2026-05-21,KGH.WA,323.2,325.15,316.25,323.25,856306
2026-05-21,KRU.WA,423.0,431.5,421.2,426.2,60416
2026-05-21,KTY.WA,1183.0,1192.0,1165.0,1190.0,13010
2026-05-21,LPP.WA,21160.0,21220.0,20800.0,20820.0,3231
2026-05-21,MBK.WA,1180.5,1215.0,1180.0,1201.5,15540
2026-05-21,MRB.WA,10.58,10.62,10.32,10.57,118392
2026-05-21,NVT.WA,108.0,110.0,103.0,103.0,378
2026-05-21,OPL.WA,16.38,16.385,15.965,16.3,1733030
2026-05-21,PCO.WA,32.9,33.12,31.18,32.0,1628799
2026-05-21,PEO.WA,235.3,236.6,232.2,234.4,346706
2026-05-21,PGE.WA,10.305,10.325,10.16,10.21,1386708
2026-05-21,PKN.WA,145.4,145.4,142.32,142.32,838574
2026-05-21,PKO.WA,99.4,100.78,98.65,99.99,1125968
2026-05-21,PZU.WA,64.44,64.58,63.66,64.08,1223520
2026-05-22,ALE.WA,32.78,33.94,32.745,33.615,7244764
2026-05-22,ALR.WA,123.55,124.6,123.1,124.15,154037
2026-05-22,BDX.WA,695.0,696.6,678.8,687.0,29304
2026-05-22,BHW.WA,119.6,121.6,118.2,121.4,51366
2026-05-22,CDR.WA,259.0,261.6,255.6,256.0,196657
2026-05-22,CPS.WA,16.635,16.7,16.1,16.4,585236
2026-05-22,DNP.WA,31.7,32.17,31.7,31.82,1504281
2026-05-22,JSW.WA,26.45,26.45,25.87,26.32,513153
2026-05-22,KGH.WA,330.0,337.35,325.45,330.5,964972
2026-05-22,KRU.WA,426.2,429.6,424.8,429.2,93194
2026-05-22,KTY.WA,1192.0,1201.0,1181.0,1196.0,16163
2026-05-22,LPP.WA,21020.0,21520.0,20920.0,21380.0,3900
2026-05-22,MBK.WA,1198.5,1225.0,1185.0,1210.0,21224
2026-05-22,MRB.WA,10.63,11.1,10.6,11.0,224766
2026-05-22,NVT.WA,104.5,106.0,104.0,106.0,101
2026-05-22,OPL.WA,16.25,16.32,16.05,16.1,2140840
2026-05-22,PCO.WA,32.34,33.62,32.23,33.62,1139474
2026-05-22,PEO.WA,235.9,238.6,235.1,238.1,368766
2026-05-22,PGE.WA,10.3,10.35,10.01,10.14,1948281
2026-05-22,PKN.WA,142.24,144.5,141.16,143.34,1030757
2026-05-22,PKO.WA,100.5,102.4,100.42,101.84,1574899
2026-05-22,PZU.WA,64.32,64.78,64.0,64.3,1170911
2026-05-25,ALE.WA,33.75,34.7,33.75,34.55,3040378
2026-05-25,ALR.WA,124.7,127.15,124.5,127.15,213724
2026-05-25,BDX.WA,693.8,710.0,691.8,707.8,20395
2026-05-25,BHW.WA,121.4,124.2,121.4,124.0,34648
2026-05-25,CDR.WA,260.0,260.3,255.3,255.8,193747
2026-05-25,CPS.WA,16.22,16.65,16.22,16.6,696453
2026-05-25,DNP.WA,31.83,32.3,31.82,31.87,1795739
2026-05-25,JSW.WA,26.55,28.45,26.33,28.3,888928
2026-05-25,KGH.WA,341.2,343.3,339.55,341.5,249738
2026-05-25,KRU.WA,430.0,436.5,429.3,436.0,45317
2026-05-25,KTY.WA,1208.0,1211.0,1199.0,1211.0,6601
2026-05-25,LPP.WA,21700.0,22480.0,21680.0,22480.0,3457
2026-05-25,MBK.WA,1219.5,1258.5,1219.5,1249.0,16972
2026-05-25,MRB.WA,11.28,11.54,11.05,11.48,230104
2026-05-25,NVT.WA,106.5,109.0,106.0,108.0,264
2026-05-25,OPL.WA,16.02,16.305,16.02,16.3,561557
2026-05-25,PCO.WA,33.7,33.94,33.4,33.67,566108
2026-05-25,PEO.WA,240.0,245.4,240.0,244.6,341554
2026-05-25,PGE.WA,10.18,10.73,10.18,10.53,7311304
2026-05-25,PKN.WA,142.1,143.88,141.36,143.24,801855
2026-05-25,PKO.WA,103.0,104.98,102.86,104.98,709957
2026-05-25,PZU.WA,64.68,65.4,64.68,65.3,629604
2026-05-26,ALE.WA,34.5,34.6,34.185,34.35,5494908
2026-05-26,ALR.WA,126.9,127.15,125.85,125.95,111779
2026-05-26,BDX.WA,708.0,710.0,693.4,697.6,17034
2026-05-26,BHW.WA,123.8,124.0,122.6,123.0,15177
2026-05-26,CDR.WA,257.4,257.7,252.0,252.0,218979
2026-05-26,CPS.WA,16.55,16.585,16.455,16.545,320964
2026-05-26,DNP.WA,32.0,32.33,31.58,31.75,1803699
2026-05-26,JSW.WA,28.45,30.33,28.0,28.58,1422564
2026-05-26,KGH.WA,339.3,343.0,332.3,334.7,486418
2026-05-26,KRU.WA,436.8,437.2,430.4,430.6,44387
2026-05-26,KTY.WA,1212.0,1222.0,1198.0,1199.0,7608
2026-05-26,LPP.WA,22400.0,22680.0,22020.0,22020.0,4468
2026-05-26,MBK.WA,1249.0,1256.0,1226.5,1232.5,19049
2026-05-26,MRB.WA,11.49,11.49,11.2,11.38,106724
2026-05-26,NVT.WA,109.0,109.0,106.5,107.0,261
2026-05-26,OPL.WA,16.33,16.385,15.895,16.095,1379711
2026-05-26,PCO.WA,33.4,33.62,32.69,33.07,711565
2026-05-26,PEO.WA,244.7,245.5,241.7,242.5,393204
2026-05-26,PGE.WA,10.6,10.73,10.52,10.73,2468553
2026-05-26,PKN.WA,144.0,145.0,141.5,141.5,1196926
2026-05-26,PKO.WA,104.86,105.12,104.06,104.2,1069936
2026-05-26,PZU.WA,65.3,65.32,64.62,64.62,1152720
2026-05-27,ALE.WA,34.35,34.91,33.97,34.25,6464671
2026-05-27,ALR.WA,126.7,128.4,126.2,127.05,159166
2026-05-27,BDX.WA,697.6,709.8,696.6,699.0,30677
2026-05-27,BHW.WA,123.4,124.8,122.6,123.0,26439
2026-05-27,CDR.WA,257.5,262.8,231.8,233.0,2024887
2026-05-27,CPS.WA,16.4,16.54,16.21,16.32,773839
2026-05-27,DNP.WA,31.76,32.16,31.54,31.99,2228164
2026-05-27,JSW.WA,28.65,28.65,27.12,27.12,683683
2026-05-27,KGH.WA,334.55,340.9,332.55,337.15,578083
2026-05-27,KRU.WA,432.6,436.6,431.5,433.0,46811
2026-05-27,KTY.WA,1199.0,1224.0,1199.0,1209.0,10713
2026-05-27,LPP.WA,22060.0,22580.0,21800.0,21840.0,3456
2026-05-27,MBK.WA,1242.0,1261.0,1237.5,1240.0,23895
2026-05-27,MRB.WA,11.4,11.45,11.3,11.31,79897
2026-05-27,NVT.WA,108.5,110.0,107.0,107.0,112
2026-05-27,OPL.WA,16.19,16.285,16.01,16.1,818753
2026-05-27,PCO.WA,33.09,34.41,33.07,34.4,1420067
2026-05-27,PEO.WA,244.0,246.6,242.3,244.2,359502
2026-05-27,PGE.WA,10.73,10.85,10.61,10.725,3195971
2026-05-27,PKN.WA,142.8,143.5,137.3,138.68,1642226
2026-05-27,PKO.WA,104.96,105.9,104.24,104.5,1355177
2026-05-27,PZU.WA,64.72,65.48,64.72,65.02,1284331
2026-05-28,ALE.WA,33.945,34.525,33.665,34.205,6605051
2026-05-28,ALR.WA,126.1,127.25,125.4,126.0,180082
2026-05-28,BDX.WA,699.0,702.0,690.2,692.6,17437
2026-05-28,BHW.WA,124.0,124.0,122.2,123.2,23887
2026-05-28,CDR.WA,236.0,236.8,228.1,228.2,628912
2026-05-28,CPS.WA,16.22,16.635,16.16,16.53,1001195
2026-05-28,DNP.WA,32.0,32.05,31.03,31.03,2443925
2026-05-28,JSW.WA,27.12,27.34,26.8,27.06,316512
2026-05-28,KGH.WA,333.0,345.0,332.5,344.8,512420
2026-05-28,KRU.WA,433.0,434.4,428.5,433.0,80086
2026-05-28,KTY.WA,1213.0,1230.0,1200.0,1222.0,19159
2026-05-28,LPP.WA,21700.0,22000.0,21560.0,21900.0,4190
2026-05-28,MBK.WA,1240.0,1248.0,1217.0,1245.0,22047
2026-05-28,MRB.WA,11.31,11.37,11.15,11.28,91635
2026-05-28,NVT.WA,107.5,107.5,107.0,107.0,50
2026-05-28,OPL.WA,16.13,16.435,15.985,16.435,986013
2026-05-28,PCO.WA,34.0,34.69,34.0,34.46,1474476
2026-05-28,PEO.WA,245.0,245.0,239.8,241.2,350574
2026-05-28,PGE.WA,10.72,10.88,10.65,10.8,4567475
2026-05-28,PKN.WA,140.84,142.78,140.0,141.24,1123138
2026-05-28,PKO.WA,104.4,104.7,103.04,103.2,2398287
2026-05-28,PZU.WA,65.0,65.0,63.88,64.08,1127113
2026-05-29,ALE.WA,34.2,35.05,34.115,34.765,8529652
2026-05-29,ALR.WA,126.2,128.0,125.9,125.9,201187
2026-05-29,BDX.WA,700.0,707.0,694.4,699.4,91461
2026-05-29,BHW.WA,124.0,126.0,122.8,126.0,126828
2026-05-29,CDR.WA,232.5,236.9,229.1,232.6,785477
2026-05-29,CPS.WA,16.55,16.55,15.7,16.17,1282855
2026-05-29,DNP.WA,31.29,31.92,30.65,30.8,5144914
2026-05-29,JSW.WA,27.23,28.6,27.23,28.02,752526
2026-05-29,KGH.WA,346.2,351.9,345.25,349.55,906948
2026-05-29,KRU.WA,415.4,420.0,406.0,410.0,102992
2026-05-29,KTY.WA,1222.0,1238.0,1208.0,1208.0,14984
2026-05-29,LPP.WA,22120.0,22580.0,22000.0,22580.0,8065
2026-05-29,MBK.WA,1248.5,1280.0,1244.5,1280.0,216651
2026-05-29,MRB.WA,11.42,11.42,11.1,11.2,88165
2026-05-29,NVT.WA,108.5,109.5,108.5,109.5,189
2026-05-29,OPL.WA,16.45,16.505,16.2,16.25,2185037
2026-05-29,PCO.WA,34.4,35.0,33.5,33.59,1614211
2026-05-29,PEO.WA,243.7,245.0,241.7,241.9,1026346
2026-05-29,PGE.WA,10.8,10.87,10.58,10.58,3721314
2026-05-29,PKN.WA,141.98,143.16,140.26,141.76,2895695
2026-05-29,PKO.WA,103.7,105.2,103.0,103.0,5240136
2026-05-29,PZU.WA,64.16,64.64,63.74,64.4,4857549
2026-06-01,ALE.WA,34.66,34.9,34.22,34.36,3972310
2026-06-01,ALR.WA,126.95,127.65,124.95,126.45,143483
2026-06-01,BDX.WA,704.0,704.0,682.8,682.8,29567
2026-06-01,BHW.WA,126.0,126.0,121.4,122.2,43774
2026-06-01,CDR.WA,238.2,238.2,225.6,225.9,576359
2026-06-01,CPS.WA,16.1,16.16,15.34,15.45,1114171
2026-06-01,DNP.WA,30.83,30.87,29.81,29.84,2418124
2026-06-01,JSW.WA,27.8,28.26,27.43,27.72,486877
2026-06-01,KGH.WA,350.0,360.0,344.2,350.9,653349
2026-06-01,KRU.WA,412.0,412.0,399.2,400.0,111314
2026-06-01,KTY.WA,1211.0,1221.0,1186.0,1194.0,7713
2026-06-01,LPP.WA,22500.0,22500.0,21520.0,21520.0,2635
2026-06-01,MBK.WA,1280.0,1294.5,1250.0,1258.0,17956
2026-06-01,MRB.WA,11.2,11.2,10.65,10.7,203845
2026-06-01,NVT.WA,110.0,110.0,107.5,109.5,51
2026-06-01,OPL.WA,16.445,16.445,15.705,15.75,964155
2026-06-01,PCO.WA,33.61,33.7,32.97,33.28,1107599
2026-06-01,PEO.WA,243.1,243.8,235.0,235.0,653777
2026-06-01,PGE.WA,10.58,10.655,10.28,10.28,1637734
2026-06-01,PKN.WA,143.0,145.5,142.5,144.5,1278844
2026-06-01,PKO.WA,103.88,103.96,100.0,100.0,2061549
2026-06-01,PZU.WA,64.4,64.46,63.14,63.14,1411733
2026-06-02,ALE.WA,34.94,35.935,34.845,35.11,14450675
2026-06-02,ALR.WA,126.9,128.6,126.5,127.6,207071
2026-06-02,BDX.WA,659.0,667.6,652.2,656.6,44325
2026-06-02,BHW.WA,122.8,124.0,121.2,122.0,36473
2026-06-02,CDR.WA,229.6,231.4,226.2,227.4,460662
2026-06-02,CPS.WA,15.5,15.865,15.365,15.68,660769
2026-06-02,DNP.WA,30.0,30.56,29.93,29.97,2399916
2026-06-02,JSW.WA,27.8,29.99,27.47,29.3,1238054
2026-06-02,KGH.WA,361.0,376.5,360.95,376.5,1052516
2026-06-02,KRU.WA,402.0,404.1,391.0,395.0,97508
2026-06-02,KTY.WA,1197.0,1230.0,1196.0,1218.0,9163
2026-06-02,LPP.WA,21680.0,22080.0,21500.0,21560.0,2577
2026-06-02,MBK.WA,1269.5,1297.0,1261.0,1285.5,15708
2026-06-02,MRB.WA,10.7,10.88,10.41,10.45,160203
2026-06-02,NVT.WA,109.5,109.5,109.5,109.5,18
2026-06-02,OPL.WA,15.78,16.5,15.75,15.92,2781227
2026-06-02,PCO.WA,33.66,34.21,33.19,33.65,902508
2026-06-02,PEO.WA,237.4,239.7,234.7,236.9,483062
2026-06-02,PGE.WA,10.42,10.57,10.35,10.435,1602717
2026-06-02,PKN.WA,144.54,145.28,142.66,143.62,1166701
2026-06-02,PKO.WA,100.46,101.5,98.31,99.5,2636309
2026-06-02,PZU.WA,64.0,64.2,63.26,63.52,1512266
2026-06-03,ALE.WA,35.0,35.79,34.92,35.34,5835318
2026-06-03,ALR.WA,128.0,128.0,124.75,125.95,157979
2026-06-03,BDX.WA,663.0,671.2,655.0,670.0,33223
2026-06-03,BHW.WA,122.2,123.0,121.6,122.8,17161
2026-06-03,CDR.WA,227.7,228.8,223.2,227.5,450024
2026-06-03,CPS.WA,15.66,15.825,15.48,15.55,312288
2026-06-03,DNP.WA,30.1,30.36,29.72,30.0,2265863
2026-06-03,JSW.WA,29.58,29.85,28.78,29.29,379224
2026-06-03,KGH.WA,366.15,374.95,365.75,370.1,608865
2026-06-03,KRU.WA,397.9,398.0,386.7,396.6,84452
2026-06-03,KTY.WA,1218.0,1240.0,1209.0,1218.0,17491
2026-06-03,LPP.WA,21720.0,21740.0,21360.0,21720.0,2029
2026-06-03,MBK.WA,1285.0,1295.0,1268.5,1285.5,14331
2026-06-03,MRB.WA,10.4,10.48,10.35,10.4,98719
2026-06-03,NVT.WA,108.0,108.0,107.5,107.5,72
2026-06-03,OPL.WA,15.9,16.08,15.66,15.7,2111948
2026-06-03,PCO.WA,33.98,35.19,33.55,33.77,1345823
2026-06-03,PEO.WA,236.9,237.0,233.6,235.9,534076
2026-06-03,PGE.WA,10.46,10.55,10.355,10.485,1180946
2026-06-03,PKN.WA,143.62,146.14,143.5,145.88,1024878
2026-06-03,PKO.WA,99.5,100.4,99.3,100.38,2054833
2026-06-03,PZU.WA,63.48,63.88,63.2,63.28,1727667
2026-06-05,ALE.WA,35.78,35.8,34.82,35.115,6002094
2026-06-05,ALR.WA,126.0,126.6,124.6,125.0,140229
2026-06-05,BDX.WA,667.6,668.0,642.4,667.0,48309
2026-06-05,BHW.WA,123.4,123.4,121.4,122.6,30438
2026-06-05,CDR.WA,228.0,230.6,227.0,227.8,331386
2026-06-05,CPS.WA,15.55,15.6,15.25,15.41,328712
2026-06-05,DNP.WA,29.2,29.75,28.7,29.55,5156908
2026-06-05,JSW.WA,29.5,29.78,28.83,29.5,437180
2026-06-05,KGH.WA,368.8,368.95,343.8,345.45,1181048
2026-06-05,KRU.WA,397.2,404.0,396.0,397.7,50620
2026-06-05,KTY.WA,1229.0,1232.0,1198.0,1200.0,14656
2026-06-05,LPP.WA,21720.0,21960.0,21480.0,21600.0,2608
2026-06-05,MBK.WA,1293.5,1295.0,1256.0,1272.0,24735
2026-06-05,MRB.WA,10.47,10.54,10.4,10.47,146652
2026-06-05,NVT.WA,109.0,109.0,107.0,108.5,67
2026-06-05,OPL.WA,15.8,15.805,15.46,15.755,1674094
2026-06-05,PCO.WA,34.5,34.6,33.91,34.2,1625689
2026-06-05,PEO.WA,234.5,235.3,230.8,230.8,1398370
2026-06-05,PGE.WA,10.44,10.45,10.245,10.255,2188610
2026-06-05,PKN.WA,145.8,145.8,142.44,143.0,1169336
2026-06-05,PKO.WA,100.0,100.68,98.29,98.29,3086308
2026-06-05,PZU.WA,63.06,63.08,61.84,62.22,2154365
2026-06-08,ALE.WA,34.7,34.775,33.8,34.445,3843359
2026-06-08,ALR.WA,123.0,126.7,122.65,126.45,171531
2026-06-08,BDX.WA,658.0,678.4,646.2,672.6,67995
2026-06-08,BHW.WA,123.8,124.8,121.0,123.4,42080
2026-06-08,CDR.WA,225.4,227.4,223.6,227.1,316526
2026-06-08,CPS.WA,15.2,15.435,14.905,15.435,718246
2026-06-08,DNP.WA,29.72,29.96,29.14,29.5,2714742
2026-06-08,JSW.WA,29.5,29.5,27.85,29.0,660638
2026-06-08,KGH.WA,337.35,341.9,331.3,340.0,853620
2026-06-08,KRU.WA,397.5,398.0,390.2,398.0,34721
2026-06-08,KTY.WA,1200.0,1211.0,1171.0,1207.0,17495
2026-06-08,LPP.WA,21400.0,21720.0,20940.0,21720.0,2718
2026-06-08,MBK.WA,1256.0,1297.0,1250.0,1295.0,26136
2026-06-08,MRB.WA,10.47,10.49,10.22,10.48,121788
2026-06-08,NVT.WA,107.0,108.5,107.0,107.5,70
2026-06-08,OPL.WA,15.685,15.915,15.5,15.835,1402726
2026-06-08,PCO.WA,34.08,34.4,33.44,34.19,463624
2026-06-08,PEO.WA,230.5,234.8,227.6,234.8,1066453
2026-06-08,PGE.WA,10.2,10.225,10.04,10.185,2302807
2026-06-08,PKN.WA,145.0,146.5,142.52,144.72,1505984
2026-06-08,PKO.WA,97.8,99.25,96.87,99.25,2324508
2026-06-08,PZU.WA,62.2,63.14,61.7,63.14,2059057
2026-06-09,ALE.WA,34.4,34.995,34.23,34.75,2482290
2026-06-09,ALR.WA,127.0,128.95,125.65,128.1,300982
2026-06-09,BDX.WA,682.0,682.0,664.0,671.2,16747
2026-06-09,BHW.WA,123.4,125.6,123.2,124.0,25417
2026-06-09,CDR.WA,227.1,227.6,224.0,225.5,272191
2026-06-09,CPS.WA,15.4,15.4,15.11,15.11,245443
2026-06-09,DNP.WA,29.85,30.2,29.4,30.08,2020390
2026-06-09,JSW.WA,29.0,29.28,28.39,28.54,602236
2026-06-09,KGH.WA,346.35,348.0,334.9,335.45,608213
2026-06-09,KRU.WA,397.2,397.8,393.1,395.5,28694
2026-06-09,KTY.WA,1218.0,1220.0,1200.0,1209.0,11285
2026-06-09,LPP.WA,21500.0,22200.0,21400.0,22020.0,2371
2026-06-09,MBK.WA,1297.0,1322.5,1284.0,1294.0,24403
2026-06-09,MRB.WA,10.47,10.65,10.36,10.52,66915
2026-06-09,NVT.WA,107.5,108.0,107.5,107.5,4
2026-06-09,OPL.WA,15.92,16.02,15.76,15.81,1108925
2026-06-09,PCO.WA,34.4,34.68,33.99,34.25,796559
2026-06-09,PEO.WA,237.1,239.9,233.2,238.0,1111064
2026-06-09,PGE.WA,10.19,10.26,10.03,10.03,2050984
2026-06-09,PKN.WA,145.0,146.6,143.84,144.5,1209200
2026-06-09,PKO.WA,99.99,101.4,98.79,100.24,1884560
2026-06-09,PZU.WA,63.26,64.34,63.0,64.12,1123089
2026-06-10,ALE.WA,34.63,34.955,34.175,34.63,2948567
2026-06-10,ALR.WA,128.05,128.4,125.8,127.25,127881
2026-06-10,BDX.WA,666.2,672.4,644.8,654.6,30183
2026-06-10,BHW.WA,124.0,125.4,122.8,125.0,26636
2026-06-10,CDR.WA,226.8,227.3,220.2,221.4,340660
2026-06-10,CPS.WA,15.1,15.11,14.46,14.885,922800
2026-06-10,DNP.WA,30.08,30.12,29.22,29.6,1740868
2026-06-10,JSW.WA,28.12,28.41,26.63,26.8,941720
2026-06-10,KGH.WA,332.0,332.7,323.7,326.15,841826
2026-06-10,KRU.WA,396.0,397.9,390.6,397.5,27984
2026-06-10,KTY.WA,1209.0,1218.0,1152.0,1174.0,16967
2026-06-10,LPP.WA,22020.0,22180.0,21420.0,21880.0,1828
2026-06-10,MBK.WA,1289.5,1301.5,1267.5,1290.5,13494
2026-06-10,MRB.WA,10.59,10.88,10.39,10.8,107545
2026-06-10,NVT.WA,107.5,108.0,107.5,108.0,24
2026-06-10,OPL.WA,15.9,15.91,15.5,15.885,1227698
2026-06-10,PCO.WA,34.25,34.48,33.82,34.1,652199
2026-06-10,PEO.WA,238.0,238.5,234.5,235.5,821312
2026-06-10,PGE.WA,10.085,10.095,9.682,9.71,3332913
2026-06-10,PKN.WA,145.44,146.2,143.0,144.1,2411002
2026-06-10,PKO.WA,100.44,100.44,97.82,98.22,1407714
2026-06-10,PZU.WA,64.12,64.4,62.7,64.26,1356217
2026-06-11,ALE.WA,34.625,35.185,34.41,34.665,3472390
2026-06-11,ALR.WA,127.3,128.95,126.85,128.95,398250
2026-06-11,BDX.WA,655.0,660.0,643.0,645.4,30943
2026-06-11,BHW.WA,124.2,125.8,124.2,124.4,18962
2026-06-11,CDR.WA,221.4,224.1,218.6,220.6,444571
2026-06-11,CPS.WA,14.885,15.25,14.745,15.245,460697
2026-06-11,DNP.WA,29.6,29.79,29.29,29.63,1705753
2026-06-11,JSW.WA,27.1,27.1,25.92,25.92,898268
2026-06-11,KGH.WA,331.0,335.7,328.55,333.8,665681
2026-06-11,KRU.WA,397.9,398.0,393.2,395.2,26524
2026-06-11,KTY.WA,1181.0,1198.0,1171.0,1196.0,10516
2026-06-11,LPP.WA,21880.0,22140.0,21600.0,21920.0,1268
2026-06-11,MBK.WA,1290.5,1331.5,1282.0,1331.5,18210
2026-06-11,MRB.WA,10.89,10.98,10.7,10.76,76450
2026-06-11,NVT.WA,109.0,109.0,106.5,108.5,31
2026-06-11,OPL.WA,15.89,16.02,15.74,16.02,1023653
2026-06-11,PCO.WA,34.2,34.54,33.94,34.33,515100
2026-06-11,PEO.WA,237.7,239.1,235.5,235.5,567211
2026-06-11,PGE.WA,9.85,9.93,9.7,9.788,2078593
2026-06-11,PKN.WA,145.0,148.68,144.88,148.68,1285516
2026-06-11,PKO.WA,98.5,99.8,98.39,99.8,1571061
2026-06-11,PZU.WA,64.4,65.16,63.68,64.86,2322993
2026-06-12,ALE.WA,34.945,35.69,34.285,34.415,3199903
2026-06-12,ALR.WA,129.0,136.85,129.0,135.0,447934
2026-06-12,BDX.WA,650.0,677.4,650.0,674.4,30033
2026-06-12,BHW.WA,125.0,128.6,125.0,128.4,64000
2026-06-12,CDR.WA,221.5,225.4,219.1,220.9,352588
2026-06-12,CPS.WA,15.325,15.49,15.205,15.345,562216
2026-06-12,DNP.WA,30.0,30.35,29.41,29.54,1758745
2026-06-12,JSW.WA,25.85,26.28,25.51,25.71,726919
2026-06-12,KGH.WA,348.45,361.45,346.7,360.85,1032921
2026-06-12,KRU.WA,398.0,410.0,397.1,405.6,54257
2026-06-12,KTY.WA,1200.0,1234.0,1199.0,1213.0,13939
2026-06-12,LPP.WA,21300.0,21440.0,20220.0,20600.0,10880
2026-06-12,MBK.WA,1330.0,1422.5,1329.5,1414.5,39976
2026-06-12,MRB.WA,10.88,11.0,10.81,10.84,79070
2026-06-12,NVT.WA,109.0,109.0,104.0,104.0,297
2026-06-12,OPL.WA,16.05,16.14,15.835,15.955,3505111
2026-06-12,PCO.WA,34.3,35.18,34.29,35.0,1075442
2026-06-12,PEO.WA,220.6,230.4,220.6,228.0,729914
2026-06-12,PGE.WA,9.892,10.09,9.866,9.988,2177525
2026-06-12,PKN.WA,148.34,148.48,143.8,146.84,2197406
2026-06-12,PKO.WA,101.2,105.08,101.0,104.6,2366656
2026-06-12,PZU.WA,65.7,66.4,65.3,66.28,1809413
2026-06-15,ALE.WA,34.665,35.1,34.605,34.82,4615083
2026-06-15,ALR.WA,136.5,139.0,133.65,133.65,271596
2026-06-15,BDX.WA,678.0,704.4,678.0,686.0,49406
2026-06-15,BHW.WA,128.4,131.0,128.4,129.4,48039
2026-06-15,CDR.WA,225.0,227.5,222.2,222.5,485341
2026-06-15,CPS.WA,15.43,15.545,15.14,15.14,475066
2026-06-15,DNP.WA,30.0,30.29,29.15,29.23,2220219
2026-06-15,JSW.WA,25.72,26.68,25.43,26.19,774885
2026-06-15,KGH.WA,370.65,386.0,370.5,377.55,1143833
2026-06-15,KRU.WA,412.0,416.9,404.8,404.8,35345
2026-06-15,KTY.WA,1239.0,1246.0,1204.0,1204.0,16608
2026-06-15,LPP.WA,20860.0,21080.0,19760.0,19760.0,8242
2026-06-15,MBK.WA,1419.5,1469.0,1409.0,1415.5,52824
2026-06-15,MRB.WA,10.99,11.22,10.95,11.0,163981
2026-06-15,NVT.WA,104.5,107.0,103.5,105.5,330
2026-06-15,OPL.WA,15.955,16.19,15.82,15.91,828192
2026-06-15,PCO.WA,35.35,36.49,34.6,34.6,1832283
2026-06-15,PEO.WA,233.0,235.8,228.3,228.7,535165
2026-06-15,PGE.WA,10.1,10.5,10.08,10.19,4734560
2026-06-15,PKN.WA,146.0,146.4,136.02,136.02,2982405
2026-06-15,PKO.WA,106.0,108.08,103.02,103.02,2455179
2026-06-15,PZU.WA,66.8,67.76,66.34,66.34,1965748
2026-06-16,ALE.WA,35.935,37.68,35.13,37.53,50929127
2026-06-16,ALR.WA,133.9,139.6,133.9,138.4,288280
2026-06-16,BDX.WA,688.0,730.0,688.0,720.0,65230
2026-06-16,BHW.WA,130.6,133.8,129.8,133.0,55678
2026-06-16,CDR.WA,222.5,229.6,220.7,222.9,548411
2026-06-16,CPS.WA,15.1,15.2,14.98,15.025,441783
2026-06-16,DNP.WA,29.23,29.69,29.11,29.5,2377531
2026-06-16,JSW.WA,26.2,26.46,25.8,25.82,369950
2026-06-16,KGH.WA,371.0,387.0,371.0,384.25,1057550
2026-06-16,KRU.WA,406.9,410.8,402.9,403.2,41667
2026-06-16,KTY.WA,1206.0,1237.0,1205.0,1220.0,15338
2026-06-16,LPP.WA,19870.0,19910.0,18910.0,18930.0,16095
2026-06-16,MBK.WA,1415.5,1474.0,1415.0,1457.0,46133
2026-06-16,MRB.WA,11.09,11.28,11.0,11.0,238678
2026-06-16,NVT.WA,106.0,107.5,105.0,107.5,88
2026-06-16,OPL.WA,15.855,15.97,15.63,15.71,1312502
2026-06-16,PCO.WA,34.4,35.1,32.9,34.8,910360
2026-06-16,PEO.WA,230.0,235.3,228.7,232.7,738883
2026-06-16,PGE.WA,10.265,10.3,9.894,9.922,3357614
2026-06-16,PKN.WA,136.02,140.84,133.88,138.4,2916531
2026-06-16,PKO.WA,103.36,106.52,103.36,105.88,2874868
2026-06-16,PZU.WA,66.4,68.02,66.4,67.76,2002086
2026-06-17,ALE.WA,37.4,38.08,37.225,37.98,18101784
2026-06-17,ALR.WA,137.25,140.0,137.25,139.9,351482
2026-06-17,BDX.WA,720.0,738.0,714.8,733.8,40815
2026-06-17,BHW.WA,133.0,136.4,133.0,135.2,74273
2026-06-17,CDR.WA,223.0,228.6,223.0,224.7,422858
2026-06-17,CPS.WA,15.0,15.085,14.84,14.865,399695
2026-06-17,DNP.WA,29.86,29.86,29.2,29.46,1907778
2026-06-17,JSW.WA,25.82,26.35,25.77,25.95,222200
2026-06-17,KGH.WA,386.0,396.4,386.0,392.0,786925
2026-06-17,KRU.WA,406.9,408.3,401.4,403.0,45210
2026-06-17,KTY.WA,1227.0,1242.0,1221.0,1221.0,12191
2026-06-17,LPP.WA,19000.0,19370.0,18710.0,19020.0,9558
2026-06-17,MBK.WA,1457.0,1473.0,1425.0,1452.0,33349
2026-06-17,MRB.WA,11.1,11.15,10.9,11.0,74053
2026-06-17,NVT.WA,107.0,107.0,107.0,107.0,27
2026-06-17,OPL.WA,15.54,15.66,15.155,15.3,1751039
2026-06-17,PCO.WA,34.58,35.3,34.58,34.96,596662
2026-06-17,PEO.WA,232.7,235.4,232.1,235.4,556230
2026-06-17,PGE.WA,9.998,10.14,9.862,10.015,2348838
2026-06-17,PKN.WA,133.12,133.22,128.72,129.32,2454048
2026-06-17,PKO.WA,106.62,107.4,105.54,106.58,2340269
2026-06-17,PZU.WA,67.76,68.48,67.34,68.48,1602947
2026-06-18,ALE.WA,37.96,38.7,37.82,38.495,18349060
2026-06-18,ALR.WA,139.9,140.0,134.35,135.0,392451
2026-06-18,BDX.WA,733.2,738.0,713.4,715.4,37813
2026-06-18,BHW.WA,135.4,136.6,134.0,135.0,69474
2026-06-18,CDR.WA,225.0,227.0,220.3,223.0,462609
2026-06-18,CPS.WA,14.9,15.75,14.745,15.365,1549509
2026-06-18,DNP.WA,29.38,29.41,28.76,29.1,2684085
2026-06-18,JSW.WA,26.12,26.27,25.48,25.54,402262
2026-06-18,KGH.WA,384.5,389.95,374.0,374.3,2039474
2026-06-18,KRU.WA,403.0,403.9,395.9,397.9,29836
2026-06-18,KTY.WA,1221.0,1233.0,1217.0,1224.0,12796
2026-06-18,LPP.WA,19040.0,19180.0,18720.0,18750.0,7452
2026-06-18,MBK.WA,1465.0,1465.0,1425.5,1435.0,30086
2026-06-18,MRB.WA,11.0,11.08,10.81,10.96,84750
2026-06-18,NVT.WA,104.5,106.5,104.5,106.0,85
2026-06-18,OPL.WA,15.18,15.63,15.1,15.58,2135649
2026-06-18,PCO.WA,35.19,35.19,34.53,34.87,706566
2026-06-18,PEO.WA,235.2,236.6,232.9,235.7,545559
2026-06-18,PGE.WA,10.015,10.075,9.756,9.756,2552823
2026-06-18,PKN.WA,128.8,129.0,124.46,125.08,2071665
2026-06-18,PKO.WA,106.5,106.5,105.12,105.5,1410882
2026-06-18,PZU.WA,68.3,68.34,67.2,67.54,1457381
2026-06-19,ALE.WA,38.74,39.76,38.57,39.43,34546723
2026-06-19,ALR.WA,134.5,135.55,133.35,135.5,446804
2026-06-19,BDX.WA,711.0,722.2,704.4,716.4,59073
2026-06-19,BHW.WA,135.6,136.4,134.2,136.4,96484
2026-06-19,CDR.WA,224.6,227.0,223.1,224.1,650905
2026-06-19,CPS.WA,15.5,16.59,15.375,16.355,3194927
2026-06-19,DNP.WA,29.26,29.27,28.88,29.22,3078906
2026-06-19,JSW.WA,25.65,26.62,25.62,25.97,532522
2026-06-19,KGH.WA,365.0,369.0,361.2,365.5,1021931
2026-06-19,KRU.WA,400.0,401.8,396.0,401.1,82070
2026-06-19,KTY.WA,1225.0,1263.0,1225.0,1263.0,185419
2026-06-19,LPP.WA,18890.0,18890.0,18390.0,18570.0,13954
2026-06-19,MBK.WA,1435.0,1438.0,1412.5,1434.0,74963
2026-06-19,MRB.WA,10.96,11.08,10.85,10.85,110032
2026-06-19,NVT.WA,104.5,104.5,104.5,104.5,110
2026-06-19,OPL.WA,15.57,16.095,15.465,16.095,2599346
2026-06-19,PCO.WA,34.64,34.93,34.34,34.73,1393500
2026-06-19,PEO.WA,236.6,236.6,233.3,235.4,994075
2026-06-19,PGE.WA,9.84,9.95,9.716,9.786,6853530
2026-06-19,PKN.WA,125.08,126.56,124.7,126.36,6535127
2026-06-19,PKO.WA,105.0,105.7,104.14,105.28,4252350
2026-06-19,PZU.WA,67.7,67.88,66.92,67.72,2738958
2026-06-22,ALE.WA,39.45,39.475,38.295,38.555,7688170
2026-06-22,ALR.WA,133.35,136.2,131.65,133.85,175300
2026-06-22,BDX.WA,720.0,720.0,698.0,710.2,22019
2026-06-22,BHW.WA,136.4,136.6,134.2,136.0,99134
2026-06-22,CDR.WA,226.3,232.0,223.5,229.5,360494
2026-06-22,CPS.WA,16.42,16.59,15.58,15.58,991565
2026-06-22,DNP.WA,29.22,29.33,28.71,29.01,2028199
2026-06-22,JSW.WA,26.0,26.99,26.0,26.93,341396
2026-06-22,KGH.WA,375.0,377.3,362.3,368.05,495065
2026-06-22,KRU.WA,400.0,401.6,395.2,400.0,48815
2026-06-22,KTY.WA,1265.0,1268.0,1206.0,1212.0,23917
2026-06-22,LPP.WA,18710.0,18800.0,18010.0,18350.0,11224
2026-06-22,MBK.WA,1445.0,1450.0,1382.5,1410.0,26889
2026-06-22,MRB.WA,10.71,10.91,10.4,10.55,162798
2026-06-22,NVT.WA,105.5,107.5,105.5,107.5,70
2026-06-22,OPL.WA,15.98,16.1,15.765,15.8,2294940
2026-06-22,PCO.WA,35.06,35.99,34.85,35.29,1517847
2026-06-22,PEO.WA,235.4,235.9,231.1,231.5,370822
2026-06-22,PGE.WA,9.8,9.91,9.76,9.848,1166299
2026-06-22,PKN.WA,127.36,129.3,126.36,127.5,1046063
2026-06-22,PKO.WA,105.88,106.0,103.74,104.8,1269852
2026-06-22,PZU.WA,67.72,68.88,66.74,66.94,1128102
2026-06-23,ALE.WA,38.0,39.025,36.85,38.95,6627842
2026-06-23,ALR.WA,133.0,133.1,130.45,132.75,269578
2026-06-23,BDX.WA,712.2,717.4,701.0,716.0,27877
2026-06-23,BHW.WA,136.6,136.8,134.6,136.4,99308
2026-06-23,CDR.WA,230.0,230.5,225.9,228.7,263429
2026-06-23,CPS.WA,15.49,15.56,15.13,15.355,479231
2026-06-23,DNP.WA,29.15,29.3,28.55,29.1,1940812
2026-06-23,JSW.WA,26.85,26.87,25.5,26.08,624882
2026-06-23,KGH.WA,353.35,353.35,342.65,349.7,864954
2026-06-23,KRU.WA,395.2,399.2,392.2,399.2,32566
2026-06-23,KTY.WA,1216.0,1220.0,1187.0,1213.0,27785
2026-06-23,LPP.WA,18180.0,18560.0,18170.0,18480.0,4309
2026-06-23,MBK.WA,1418.0,1418.0,1377.0,1412.0,21136
2026-06-23,MRB.WA,10.52,10.54,10.24,10.38,151244
2026-06-23,NVT.WA,107.5,108.0,107.0,107.0,43
2026-06-23,OPL.WA,15.175,15.385,15.005,15.155,1396543
2026-06-23,PCO.WA,35.29,35.55,34.72,35.4,1493266
2026-06-23,PEO.WA,230.0,231.4,226.9,231.0,588851
2026-06-23,PGE.WA,9.79,9.818,9.63,9.73,1949467
2026-06-23,PKN.WA,127.82,129.04,125.68,129.04,1782272
2026-06-23,PKO.WA,103.7,104.4,102.36,104.4,1812584
2026-06-23,PZU.WA,66.34,66.66,65.72,66.44,1375289
2026-06-24,ALE.WA,38.525,38.81,37.32,37.32,10054035
2026-06-24,ALR.WA,133.1,134.15,129.05,130.8,316546
2026-06-24,BDX.WA,716.0,727.0,706.8,720.6,24825
2026-06-24,BHW.WA,127.4,128.4,119.2,121.2,76190
2026-06-24,CDR.WA,228.7,228.7,222.2,226.0,431443
2026-06-24,CPS.WA,15.4,15.51,14.75,14.83,674071
2026-06-24,DNP.WA,29.36,29.36,28.5,29.01,2199556
2026-06-24,JSW.WA,26.13,26.14,24.51,24.6,781443
2026-06-24,KGH.WA,354.0,354.0,319.0,324.2,1151501
2026-06-24,KRU.WA,399.8,402.0,397.2,399.5,27570
2026-06-24,KTY.WA,1214.0,1218.0,1158.0,1178.0,26022
2026-06-24,LPP.WA,18570.0,18590.0,18100.0,18100.0,5971
2026-06-24,MBK.WA,1418.0,1418.0,1370.5,1389.5,26613
2026-06-24,MRB.WA,10.48,10.48,10.29,10.34,91497
2026-06-24,NVT.WA,107.0,108.0,105.0,107.5,269
2026-06-24,OPL.WA,15.29,15.29,14.395,14.495,1099149
2026-06-24,PCO.WA,35.55,35.85,35.24,35.6,2193732
2026-06-24,PEO.WA,230.9,231.8,226.8,228.8,460283
2026-06-24,PGE.WA,9.77,9.77,9.25,9.282,3316327
2026-06-24,PKN.WA,129.5,129.52,121.94,122.78,1658868
2026-06-24,PKO.WA,104.4,104.56,102.26,103.36,1821188
2026-06-24,PZU.WA,67.0,67.12,65.34,65.84,1385418
2026-06-25,ALE.WA,37.5,37.92,37.265,37.575,7551627
2026-06-25,ALR.WA,131.85,134.75,131.15,133.85,218066
2026-06-25,BDX.WA,712.0,727.6,708.4,722.8,25404
2026-06-25,BHW.WA,121.8,124.2,119.8,122.2,38110
2026-06-25,CDR.WA,227.5,228.3,221.4,223.4,385735
2026-06-25,CPS.WA,15.02,15.27,14.67,14.935,522258
2026-06-25,DNP.WA,29.12,29.68,28.99,29.3,2386272
2026-06-25,JSW.WA,24.9,25.29,24.6,25.11,303730
2026-06-25,KGH.WA,329.6,336.5,320.15,329.5,1007180
2026-06-25,KRU.WA,402.1,410.4,402.1,403.3,45771
2026-06-25,KTY.WA,1180.0,1198.0,1173.0,1187.0,20695
2026-06-25,LPP.WA,18310.0,18640.0,18240.0,18450.0,7862
2026-06-25,MBK.WA,1392.5,1412.5,1378.5,1382.0,16234
2026-06-25,MRB.WA,10.44,10.45,10.09,10.3,142800
2026-06-25,NVT.WA,108.0,113.0,108.0,113.0,1474
2026-06-25,OPL.WA,14.84,14.84,14.365,14.52,1050743
2026-06-25,PCO.WA,35.73,37.77,35.73,37.66,2683557
2026-06-25,PEO.WA,228.9,231.2,227.1,230.0,410644
2026-06-25,PGE.WA,9.338,9.856,9.33,9.778,4197630
2026-06-25,PKN.WA,123.98,126.78,123.1,125.94,1194866
2026-06-25,PKO.WA,103.46,104.92,103.26,104.2,2372910
2026-06-25,PZU.WA,66.0,66.92,65.66,65.88,1440197
2026-06-26,ALE.WA,37.99,38.0,36.43,37.195,7353317
2026-06-26,ALR.WA,133.55,133.8,131.4,132.55,289077
2026-06-26,BDX.WA,722.2,722.8,706.0,721.8,25012
2026-06-26,BHW.WA,122.0,123.6,120.8,123.0,56450
2026-06-26,CDR.WA,223.4,223.4,211.3,217.4,497372
2026-06-26,CPS.WA,14.76,14.925,14.53,14.89,426293
2026-06-26,DNP.WA,29.38,29.39,28.52,28.98,1899377
2026-06-26,JSW.WA,25.15,25.22,24.2,24.2,373315
2026-06-26,KGH.WA,325.45,327.9,318.65,327.75,701990
2026-06-26,KRU.WA,403.3,403.4,398.3,403.4,37359
2026-06-26,KTY.WA,1194.0,1234.0,1180.0,1228.0,17074
2026-06-26,LPP.WA,18540.0,18540.0,18180.0,18310.0,4596
2026-06-26,MBK.WA,1389.5,1395.5,1357.5,1372.5,14841
2026-06-26,MRB.WA,10.35,10.35,10.08,10.25,225076
2026-06-26,NVT.WA,113.0,113.0,110.0,111.0,1001
2026-06-26,OPL.WA,14.5,14.66,14.335,14.625,960066
2026-06-26,PCO.WA,37.52,37.73,36.34,37.25,2046716
2026-06-26,PEO.WA,230.9,230.9,227.1,228.8,313861
2026-06-26,PGE.WA,9.8,9.83,9.436,9.6,2850086
2026-06-26,PKN.WA,126.0,126.48,122.28,123.46,1366939
2026-06-26,PKO.WA,103.9,103.9,102.58,103.62,1902333
2026-06-26,PZU.WA,65.96,65.98,64.8,65.44,1404211
2026-06-29,ALE.WA,37.0,37.31,36.13,37.145,7871223
2026-06-29,ALR.WA,132.05,133.55,130.8,132.2,275056
2026-06-29,BDX.WA,721.8,729.8,707.4,707.4,23340
2026-06-29,BHW.WA,121.4,123.2,120.4,122.8,66473
2026-06-29,CDR.WA,217.5,223.8,213.8,221.1,317941
2026-06-29,CPS.WA,14.73,14.815,14.595,14.6,391804
2026-06-29,DNP.WA,29.11,29.28,28.56,29.28,1886680
2026-06-29,JSW.WA,24.18,24.91,24.18,24.6,194991
2026-06-29,KGH.WA,331.85,333.0,318.0,321.0,444181
2026-06-29,KRU.WA,404.4,407.8,401.3,404.3,28032
2026-06-29,KTY.WA,1228.0,1229.0,1190.0,1195.0,21112
2026-06-29,LPP.WA,18410.0,18600.0,18180.0,18500.0,5111
2026-06-29,MBK.WA,1388.5,1392.0,1352.0,1358.5,14734
2026-06-29,MRB.WA,10.25,10.64,10.25,10.53,439388
2026-06-29,NVT.WA,105.5,105.5,100.5,103.5,289
2026-06-29,OPL.WA,14.5,14.585,14.285,14.43,892163
2026-06-29,PCO.WA,37.46,37.64,36.93,37.13,979869
2026-06-29,PEO.WA,230.0,230.3,226.1,227.5,339990
2026-06-29,PGE.WA,9.698,9.712,9.466,9.47,1628811
2026-06-29,PKN.WA,123.36,126.04,123.3,125.0,1354020
2026-06-29,PKO.WA,103.68,104.08,102.5,103.3,1906551
2026-06-29,PZU.WA,65.92,66.0,64.88,65.4,1436545
2026-06-30,ALE.WA,37.19,37.815,36.85,37.815,8709456
2026-06-30,ALR.WA,130.85,133.0,128.3,130.0,535833
2026-06-30,BDX.WA,707.0,742.6,688.6,737.2,47489
2026-06-30,BHW.WA,123.2,124.2,121.0,122.0,39107
2026-06-30,CDR.WA,220.0,226.6,219.9,224.4,283157
2026-06-30,CPS.WA,14.66,15.34,14.335,15.125,1054327
2026-06-30,DNP.WA,29.28,29.34,28.29,28.4,4205801
2026-06-30,JSW.WA,24.84,25.1,24.11,24.94,215716
2026-06-30,KGH.WA,328.95,335.0,324.15,331.25,792468
2026-06-30,KRU.WA,406.0,431.3,406.0,422.2,105093
2026-06-30,KTY.WA,1202.0,1220.0,1192.0,1206.0,17740
2026-06-30,LPP.WA,18640.0,18720.0,18200.0,18280.0,3818
2026-06-30,MBK.WA,1365.0,1375.0,1331.0,1364.0,31124
2026-06-30,MRB.WA,10.49,10.57,10.28,10.4,206175
2026-06-30,NVT.WA,104.0,104.0,103.5,104.0,412
2026-06-30,OPL.WA,14.55,14.685,14.3,14.32,1766171
2026-06-30,PCO.WA,37.49,37.5,36.29,36.33,1114916
2026-06-30,PEO.WA,228.2,229.8,225.2,228.8,596438
2026-06-30,PGE.WA,9.52,9.632,9.33,9.44,1874781
2026-06-30,PKN.WA,125.92,127.8,123.38,126.6,1228524
2026-06-30,PKO.WA,103.88,104.28,101.74,103.14,2027646
2026-06-30,PZU.WA,65.6,66.22,64.82,65.62,2296150
2026-07-01,ALE.WA,38.0,38.57,37.3,38.57,8700940
2026-07-01,ALR.WA,130.3,132.6,129.05,131.85,198200
2026-07-01,BDX.WA,737.0,743.0,722.2,731.6,29641
2026-07-01,BHW.WA,123.0,123.0,121.6,122.8,34024
2026-07-01,CDR.WA,226.0,226.2,221.7,224.5,237374
2026-07-01,CPS.WA,15.12,15.68,15.0,15.48,691621
2026-07-01,DNP.WA,28.4,29.19,28.32,29.0,2527294
2026-07-01,JSW.WA,24.8,24.91,24.05,24.6,245355
2026-07-01,KGH.WA,331.25,333.35,322.0,328.65,537153
2026-07-01,KRU.WA,425.2,426.4,419.1,421.6,43785
2026-07-01,KTY.WA,1220.0,1224.0,1200.0,1206.0,8337
2026-07-01,LPP.WA,18430.0,18600.0,18150.0,18500.0,5142
2026-07-01,MBK.WA,1360.0,1368.0,1342.0,1368.0,12266
2026-07-01,MRB.WA,10.42,10.7,10.4,10.51,53226
2026-07-01,NVT.WA,104.0,104.0,102.5,102.5,11
2026-07-01,OPL.WA,14.34,15.5,14.145,14.23,1453823
2026-07-01,PCO.WA,36.4,36.77,36.1,36.69,1223801
2026-07-01,PEO.WA,228.0,230.8,226.1,230.8,381963
2026-07-01,PGE.WA,9.44,9.534,9.354,9.426,2166525
2026-07-01,PKN.WA,126.62,127.46,125.2,126.7,953626
2026-07-01,PKO.WA,103.14,104.6,102.16,104.6,2649294
2026-07-01,PZU.WA,65.5,66.44,64.96,66.22,1926946
2026-07-02,ALE.WA,38.57,38.895,37.88,38.73,6248131
2026-07-02,ALR.WA,131.85,134.25,131.8,133.9,199284
2026-07-02,BDX.WA,731.6,747.0,726.6,742.4,35598
2026-07-02,BHW.WA,122.6,123.6,121.4,123.0,20890
2026-07-02,CDR.WA,225.4,234.0,224.4,232.5,331375
2026-07-02,CPS.WA,15.43,15.685,15.425,15.5,257250
2026-07-02,DNP.WA,29.0,29.04,28.21,28.69,3468228
2026-07-02,JSW.WA,24.72,25.41,24.21,25.38,223129
2026-07-02,KGH.WA,328.0,335.0,323.7,332.05,654579
2026-07-02,KRU.WA,423.0,426.4,420.3,422.4,22836
2026-07-02,KTY.WA,1217.0,1232.0,1198.0,1220.0,8345
2026-07-02,LPP.WA,18510.0,18710.0,18310.0,18540.0,4248
2026-07-02,MBK.WA,1375.0,1389.0,1368.0,1389.0,18539
2026-07-02,MRB.WA,10.6,10.96,10.5,10.85,105266
2026-07-02,NVT.WA,104.0,104.0,102.5,102.5,27
2026-07-02,OPL.WA,14.22,14.385,14.1,14.33,785855
2026-07-02,PCO.WA,36.72,37.14,36.36,36.85,468387
2026-07-02,PEO.WA,230.0,233.6,229.3,233.3,418385
2026-07-02,PGE.WA,9.54,9.604,9.352,9.544,1499575
2026-07-02,PKN.WA,126.7,133.8,125.9,132.76,2151528
2026-07-02,PKO.WA,105.5,105.56,104.0,104.82,1500464
2026-07-02,PZU.WA,66.36,67.8,66.12,67.66,2328622
2026-07-03,ALE.WA,38.9,38.9,38.2,38.44,5475438
2026-07-03,ALR.WA,134.95,135.0,133.2,133.9,75863
2026-07-03,BDX.WA,745.8,747.8,737.4,741.0,25412
2026-07-03,BHW.WA,122.2,123.2,121.0,122.2,26720
2026-07-03,CDR.WA,232.9,234.0,230.7,233.4,180224
2026-07-03,CPS.WA,15.66,16.64,15.66,16.44,1263930
2026-07-03,DNP.WA,28.66,28.83,27.31,27.7,6259809
2026-07-03,JSW.WA,25.38,25.93,25.06,25.6,184206
2026-07-03,KGH.WA,339.0,341.65,333.8,335.0,434303
2026-07-03,KRU.WA,426.8,426.8,420.4,421.8,17162
2026-07-03,KTY.WA,1230.0,1236.0,1226.0,1228.0,7631
2026-07-03,LPP.WA,18620.0,18730.0,18520.0,18550.0,2066
2026-07-03,MBK.WA,1392.5,1409.5,1386.0,1404.0,12732
2026-07-03,MRB.WA,10.96,11.17,10.91,11.01,118454
2026-07-03,NVT.WA,101.5,101.5,101.5,101.5,86
2026-07-03,OPL.WA,14.33,14.37,14.13,14.37,456085
2026-07-03,PCO.WA,37.2,37.22,36.62,37.06,520764
2026-07-03,PEO.WA,233.8,234.2,231.4,233.2,349936
2026-07-03,PGE.WA,9.606,9.746,9.528,9.626,1406206
2026-07-03,PKN.WA,133.52,133.62,131.28,132.92,742988
2026-07-03,PKO.WA,105.24,105.5,104.5,105.24,1070454
2026-07-03,PZU.WA,67.98,68.36,67.64,68.26,695978
2026-07-06,ALE.WA,38.5,39.09,38.285,38.8,4774751
2026-07-06,ALR.WA,134.75,136.0,133.4,134.65,67248
2026-07-06,BDX.WA,741.0,742.8,710.0,725.4,58423
2026-07-06,BHW.WA,122.2,123.0,121.8,123.0,22827
2026-07-06,CDR.WA,234.4,237.2,233.2,233.3,187840
2026-07-06,CPS.WA,16.48,16.59,15.81,15.98,741696
2026-07-06,DNP.WA,28.0,28.23,27.63,27.76,2759483
2026-07-06,JSW.WA,25.61,26.34,25.47,25.65,245403
2026-07-06,KGH.WA,334.95,340.0,327.95,328.55,468375
2026-07-06,KRU.WA,422.0,427.2,421.0,421.1,19234
2026-07-06,KTY.WA,1234.0,1235.0,1210.0,1223.0,11112
2026-07-06,LPP.WA,18660.0,19090.0,18660.0,18920.0,3749
2026-07-06,MBK.WA,1404.5,1433.5,1404.5,1420.0,25117
2026-07-06,MRB.WA,11.24,11.49,11.11,11.3,161818
2026-07-06,NVT.WA,101.5,106.0,100.0,106.0,477
2026-07-06,OPL.WA,14.37,14.445,13.96,14.21,837891
2026-07-06,PCO.WA,37.06,37.74,36.83,37.21,1048786
2026-07-06,PEO.WA,234.0,235.5,231.8,234.8,463105
2026-07-06,PGE.WA,9.626,9.662,9.44,9.44,1361737
2026-07-06,PKN.WA,133.24,133.58,131.88,133.5,868792
2026-07-06,PKO.WA,105.5,106.24,104.74,105.82,1430440
2026-07-06,PZU.WA,68.4,69.78,68.3,69.6,2573430
2026-07-07,ALE.WA,38.78,39.65,38.215,39.4,6293990
2026-07-07,ALR.WA,133.8,134.5,131.1,134.15,186159
2026-07-07,BDX.WA,725.4,732.6,710.0,729.0,27293
2026-07-07,BHW.WA,123.0,123.0,121.0,121.4,15991
2026-07-07,CDR.WA,232.5,238.4,230.4,237.5,408105
2026-07-07,CPS.WA,15.95,16.115,15.72,15.95,509029
2026-07-07,DNP.WA,27.95,27.95,27.24,27.58,5064790
2026-07-07,JSW.WA,25.64,25.82,25.1,25.12,258281
2026-07-07,KGH.WA,326.0,327.0,317.35,319.05,601676
2026-07-07,KRU.WA,422.1,423.8,414.1,417.6,24086
2026-07-07,KTY.WA,1222.0,1223.0,1191.0,1210.0,13848
2026-07-07,LPP.WA,18920.0,19090.0,18650.0,18800.0,3789
2026-07-07,MBK.WA,1432.0,1432.0,1385.0,1407.5,29749
2026-07-07,MRB.WA,11.32,11.74,11.18,11.7,212890
2026-07-07,NVT.WA,106.0,107.0,104.0,105.5,151
2026-07-07,OPL.WA,14.17,14.17,13.92,14.095,1216816
2026-07-07,PCO.WA,37.21,37.28,36.54,36.72,620566
2026-07-07,PEO.WA,233.8,234.7,230.1,231.9,377034
2026-07-07,PGE.WA,9.444,9.502,9.312,9.402,1949554
2026-07-07,PKN.WA,133.5,135.6,130.56,135.22,1907486
2026-07-07,PKO.WA,105.72,105.8,103.82,104.72,2109294
2026-07-07,PZU.WA,69.54,69.56,68.36,68.36,2204481
2026-07-08,ALE.WA,39.165,39.86,38.68,39.7,6858822
2026-07-08,ALR.WA,134.0,136.4,132.25,136.0,202567
2026-07-08,BDX.WA,729.0,729.0,690.4,702.0,74546
2026-07-08,BHW.WA,121.2,122.2,119.6,122.2,54764
2026-07-08,CDR.WA,237.3,237.5,230.2,234.5,346343
2026-07-08,CPS.WA,15.95,16.06,15.425,15.445,538840
2026-07-08,DNP.WA,27.58,27.92,26.89,27.8,4729705
2026-07-08,JSW.WA,25.33,25.41,24.88,25.13,241905
2026-07-08,KGH.WA,314.0,314.15,297.7,297.7,1282739
2026-07-08,KRU.WA,418.0,420.0,410.0,417.6,25171
2026-07-08,KTY.WA,1207.0,1210.0,1175.0,1189.0,14856
2026-07-08,LPP.WA,18810.0,18900.0,18350.0,18670.0,4456
2026-07-08,MBK.WA,1407.5,1432.0,1380.0,1404.0,25807
2026-07-08,MRB.WA,11.75,11.8,11.42,11.47,232287
2026-07-08,NVT.WA,105.5,105.5,105.5,105.5,1
2026-07-08,OPL.WA,14.095,14.11,13.605,13.945,1311124
2026-07-08,PCO.WA,36.79,36.79,35.56,36.5,763234
2026-07-08,PEO.WA,230.9,235.0,227.5,235.0,426203
2026-07-08,PGE.WA,9.436,9.476,9.164,9.364,2665465
2026-07-08,PKN.WA,135.74,139.96,135.4,139.96,1887082
2026-07-08,PKO.WA,104.22,106.0,103.22,106.0,2383060
2026-07-08,PZU.WA,68.36,68.46,66.66,67.7,1598393
2026-07-09,ALE.WA,39.8,39.95,38.755,38.955,9468278
2026-07-09,ALR.WA,136.0,139.3,135.5,138.75,217912
2026-07-09,BDX.WA,709.2,729.4,706.8,710.4,47906
2026-07-09,BHW.WA,122.2,122.8,121.2,122.0,32501
2026-07-09,CDR.WA,236.0,236.6,230.6,231.5,201453
2026-07-09,CPS.WA,15.57,15.615,15.27,15.4,444936
2026-07-09,DNP.WA,27.94,28.41,27.7,27.75,2131696
2026-07-09,JSW.WA,25.25,25.6,24.91,25.01,151606
2026-07-09,KGH.WA,304.95,307.25,301.45,304.6,741094
2026-07-09,KRU.WA,418.3,424.5,402.2,409.1,42321
2026-07-09,KTY.WA,1199.0,1216.0,1190.0,1208.0,17718
2026-07-09,LPP.WA,18680.0,18870.0,18580.0,18800.0,2529
2026-07-09,MBK.WA,1406.0,1438.0,1386.0,1395.0,19230
2026-07-09,MRB.WA,11.45,11.54,10.92,11.04,192539
2026-07-09,NVT.WA,103.5,103.5,103.5,103.5,14
2026-07-09,OPL.WA,13.94,14.02,13.765,13.78,1111952
2026-07-09,PCO.WA,37.5,38.55,36.75,38.2,2356093
2026-07-09,PEO.WA,235.0,239.4,235.0,235.4,881853
2026-07-09,PGE.WA,9.39,9.518,9.22,9.31,2287537
2026-07-09,PKN.WA,139.0,139.86,137.94,139.44,1465419
2026-07-09,PKO.WA,106.42,108.56,106.42,107.68,2774827
2026-07-09,PZU.WA,68.0,68.66,67.28,67.56,1538941
2026-07-10,ALE.WA,38.955,39.95,38.955,39.83,5323700
2026-07-10,ALR.WA,138.85,142.25,138.85,141.6,179928
2026-07-10,BDX.WA,715.4,737.6,715.0,729.8,23836
2026-07-10,BHW.WA,122.4,124.0,121.6,123.0,28398
2026-07-10,CDR.WA,232.9,235.2,232.2,233.0,195827
2026-07-10,CPS.WA,15.56,15.895,15.5,15.55,508481
2026-07-10,DNP.WA,28.0,28.38,27.85,28.22,1915620
2026-07-10,JSW.WA,25.14,25.65,25.05,25.12,164670
2026-07-10,KGH.WA,307.0,312.2,302.9,308.95,462119
2026-07-10,KRU.WA,410.9,419.7,410.9,414.0,30213
2026-07-10,KTY.WA,1218.0,1245.0,1216.0,1234.0,11916
2026-07-10,LPP.WA,18950.0,19540.0,18950.0,19380.0,3584
2026-07-10,MBK.WA,1394.5,1444.0,1394.5,1430.0,16129
2026-07-10,MRB.WA,11.05,11.32,11.05,11.3,127632
2026-07-10,NVT.WA,105.0,105.0,100.5,100.5,310
2026-07-10,OPL.WA,13.81,14.2,13.81,14.15,1362008
2026-07-10,PCO.WA,38.42,38.87,38.17,38.5,929660
2026-07-10,PEO.WA,236.7,244.9,236.4,244.3,1070064
2026-07-10,PGE.WA,9.33,9.414,9.3,9.372,2007078
2026-07-10,PKN.WA,137.22,139.94,136.44,139.92,1230668
2026-07-10,PKO.WA,108.36,112.88,108.16,112.88,5232065
2026-07-10,PZU.WA,67.76,69.9,67.68,69.42,1847543
2026-07-13,ALE.WA,39.82,40.16,39.25,40.0,3840042
2026-07-13,ALR.WA,141.0,143.6,140.4,142.9,158028
2026-07-13,BDX.WA,729.0,733.2,717.0,724.8,18088
2026-07-13,BHW.WA,123.8,124.0,122.2,123.8,26864
2026-07-13,CDR.WA,233.0,234.2,229.8,231.0,179174
2026-07-13,CPS.WA,15.52,16.03,15.425,15.98,275566
2026-07-13,DNP.WA,28.23,28.27,27.7,27.96,2209161
2026-07-13,JSW.WA,25.17,26.81,25.17,26.4,562314
2026-07-13,KGH.WA,302.6,306.95,298.05,305.45,538864
2026-07-13,KRU.WA,414.5,416.2,405.0,413.4,44271
2026-07-13,KTY.WA,1235.0,1243.0,1216.0,1236.0,8283
2026-07-13,LPP.WA,19400.0,19540.0,19200.0,19260.0,2655
2026-07-13,MBK.WA,1438.0,1448.0,1407.0,1436.5,16931
2026-07-13,MRB.WA,11.34,11.34,10.95,11.13,98473
2026-07-13,NVT.WA,100.5,102.0,96.6,101.5,1612
2026-07-13,OPL.WA,14.2,14.73,14.12,14.6,1117184
2026-07-13,PCO.WA,38.49,39.09,37.89,39.09,2033633
2026-07-13,PEO.WA,243.0,244.5,241.0,243.3,352448
2026-07-13,PGE.WA,9.464,9.516,9.322,9.484,2161959
2026-07-13,PKN.WA,140.16,144.0,139.94,144.0,1655960
2026-07-13,PKO.WA,112.5,113.02,111.2,111.8,3707141
2026-07-13,PZU.WA,69.4,69.4,68.3,68.82,1334103
2026-07-14,ALE.WA,41.0,43.98,40.58,43.925,14666287
2026-07-14,ALR.WA,142.9,142.9,138.1,141.2,291938
2026-07-14,BDX.WA,725.0,729.6,708.8,724.4,33305
2026-07-14,BHW.WA,123.0,123.0,120.4,123.0,34882
2026-07-14,CDR.WA,232.0,232.9,225.5,231.6,235256
2026-07-14,CPS.WA,16.0,16.35,15.765,15.765,482109
2026-07-14,DNP.WA,27.96,28.38,27.42,28.2,3813601
2026-07-14,JSW.WA,26.4,27.3,26.33,26.7,383181
2026-07-14,KGH.WA,308.3,320.8,306.9,319.4,834350
2026-07-14,KRU.WA,413.4,413.6,404.8,413.0,42837
2026-07-14,KTY.WA,1240.0,1258.0,1219.0,1256.0,13873
2026-07-14,LPP.WA,19330.0,19680.0,19120.0,19650.0,2528
2026-07-14,MBK.WA,1436.5,1447.0,1396.0,1447.0,19637
2026-07-14,MRB.WA,11.2,11.21,10.71,10.71,227203
2026-07-14,NVT.WA,101.0,101.0,98.4,98.6,89
2026-07-14,OPL.WA,14.73,14.73,14.45,14.505,1107745
2026-07-14,PCO.WA,39.2,41.04,39.2,40.0,4391484
2026-07-14,PEO.WA,239.0,239.0,232.6,237.0,674461
2026-07-14,PGE.WA,9.42,9.528,9.33,9.496,2055147
2026-07-14,PKN.WA,144.0,146.0,143.74,146.0,1757191
2026-07-14,PKO.WA,111.0,111.52,108.48,110.5,4185865
2026-07-14,PZU.WA,68.9,69.14,67.44,69.14,2132481
2026-07-15,ALE.WA,43.835,44.58,43.38,44.495,14358622
2026-07-15,ALR.WA,141.15,142.35,137.8,139.5,302644
2026-07-15,BDX.WA,725.6,730.0,717.0,720.6,33012
2026-07-15,BHW.WA,123.6,123.6,121.2,122.8,21703
2026-07-15,CDR.WA,231.6,232.8,227.5,231.9,269350
2026-07-15,CPS.WA,15.65,15.985,15.51,15.985,292188
2026-07-15,DNP.WA,28.15,28.9,28.02,28.55,4458158
2026-07-15,JSW.WA,27.27,27.64,26.66,26.76,538898
2026-07-15,KGH.WA,318.0,320.35,312.0,313.4,496480
2026-07-15,KRU.WA,412.7,416.8,410.0,416.5,20773
2026-07-15,KTY.WA,1259.0,1281.0,1254.0,1266.0,24188
2026-07-15,LPP.WA,19710.0,20000.0,19610.0,19850.0,3979
2026-07-15,MBK.WA,1438.0,1450.0,1409.0,1415.0,14930
2026-07-15,MRB.WA,10.91,11.23,10.74,11.2,127155
2026-07-15,NVT.WA,98.6,99.8,98.6,98.6,69
2026-07-15,OPL.WA,14.48,14.535,14.385,14.5,1947933
2026-07-15,PCO.WA,40.8,41.24,39.86,41.1,3231811
2026-07-15,PEO.WA,237.0,239.6,235.1,235.5,559291
2026-07-15,PGE.WA,9.5,9.54,9.318,9.35,4385036
2026-07-15,PKN.WA,146.0,146.02,144.66,145.5,793003
2026-07-15,PKO.WA,110.0,111.2,108.74,109.1,2852277
2026-07-15,PZU.WA,69.1,70.26,68.74,69.8,1746937
2026-07-16,ALE.WA,44.315,44.52,43.86,44.37,11151470
2026-07-16,ALR.WA,140.0,140.25,134.35,135.45,259831
2026-07-16,BDX.WA,720.8,761.6,718.6,744.0,54133
2026-07-16,BHW.WA,122.8,123.0,121.2,121.8,22743
2026-07-16,CDR.WA,232.0,239.8,231.3,234.6,305758
2026-07-16,CPS.WA,15.9,16.2,15.825,16.02,631743
2026-07-16,DNP.WA,28.62,30.2,28.33,29.43,9762401
2026-07-16,JSW.WA,26.68,27.0,26.0,26.0,223219
2026-07-16,KGH.WA,313.4,316.0,302.7,303.0,593410
2026-07-16,KRU.WA,416.7,423.9,414.0,419.6,26010
2026-07-16,KTY.WA,1267.0,1304.0,1260.0,1279.0,18873
2026-07-16,LPP.WA,19850.0,20360.0,19840.0,20040.0,5192
2026-07-16,MBK.WA,1419.0,1433.0,1390.0,1392.5,24218
2026-07-16,MRB.WA,11.28,11.45,11.15,11.4,141732
2026-07-16,NVT.WA,98.8,98.8,97.6,98.2,141
2026-07-16,OPL.WA,14.5,14.5,14.285,14.285,741140
2026-07-16,PCO.WA,41.1,41.39,40.0,40.64,2853421
2026-07-16,PEO.WA,236.0,237.7,230.4,233.3,417310
2026-07-16,PGE.WA,9.388,9.41,9.28,9.282,2354467
2026-07-16,PKN.WA,145.4,145.96,144.84,145.88,1435698
2026-07-16,PKO.WA,109.1,109.86,107.0,107.98,1796901
2026-07-16,PZU.WA,69.8,70.18,69.02,69.28,1308613
2026-07-17,ALE.WA,44.13,44.5,43.115,43.4,9042709
2026-07-17,ALR.WA,135.45,135.45,131.2,133.3,248816
2026-07-17,BDX.WA,743.8,743.8,722.4,731.2,15174
2026-07-17,BHW.WA,121.0,122.0,120.0,122.0,42151
2026-07-17,CDR.WA,233.1,235.8,231.4,232.2,305435
2026-07-17,CPS.WA,15.9,16.55,15.73,16.255,1031839
2026-07-17,DNP.WA,29.47,29.58,28.84,29.15,4833219
2026-07-17,JSW.WA,26.12,26.34,25.75,26.06,162442
2026-07-17,KGH.WA,299.8,299.85,290.65,293.7,1330789
2026-07-17,KRU.WA,420.0,420.0,411.6,414.0,20075
2026-07-17,KTY.WA,1279.0,1287.0,1261.0,1261.0,43734
2026-07-17,LPP.WA,20020.0,20240.0,19800.0,19960.0,2760
2026-07-17,MBK.WA,1403.5,1403.5,1336.0,1367.0,33676
2026-07-17,MRB.WA,11.4,11.4,11.15,11.28,70880
2026-07-17,NVT.WA,98.2,99.6,98.0,99.0,150
2026-07-17,OPL.WA,14.28,14.52,14.145,14.52,840100
2026-07-17,PCO.WA,40.48,41.5,40.14,41.41,1413653
2026-07-17,PEO.WA,232.8,232.8,225.0,229.0,749748
2026-07-17,PGE.WA,9.284,9.574,9.18,9.484,4156156
2026-07-17,PKN.WA,145.86,147.0,144.2,146.2,2142881
2026-07-17,PKO.WA,107.26,107.5,105.28,106.8,3010465
2026-07-17,PZU.WA,69.28,69.4,68.32,69.4,1867053
2026-07-20,ALE.WA,43.215,44.11,42.93,44.0,6383480
2026-07-20,ALR.WA,133.3,138.15,132.55,137.95,137861
2026-07-20,BDX.WA,731.0,758.4,727.4,739.6,25707
2026-07-20,BHW.WA,120.4,123.6,120.4,123.2,21837
2026-07-20,CDR.WA,232.4,234.5,229.0,230.4,152145
2026-07-20,CPS.WA,16.355,17.18,16.31,17.0,1159878
2026-07-20,DNP.WA,29.18,29.9,29.04,29.9,3491065
2026-07-20,JSW.WA,26.25,26.69,25.94,25.96,94254
2026-07-20,KGH.WA,293.7,298.25,290.75,293.45,500694
2026-07-20,KRU.WA,414.0,420.5,410.5,417.6,18759
2026-07-20,KTY.WA,1263.0,1335.0,1250.0,1307.0,28895
2026-07-20,LPP.WA,19960.0,20300.0,19820.0,19910.0,3096
2026-07-20,MBK.WA,1365.0,1397.5,1358.5,1380.5,12437
2026-07-20,MRB.WA,11.32,11.38,11.15,11.25,104669
2026-07-20,NVT.WA,99.0,99.0,96.6,97.6,144
2026-07-20,OPL.WA,14.45,14.7,14.425,14.595,967617
2026-07-20,PCO.WA,41.35,42.45,41.34,41.75,1923942
2026-07-20,PEO.WA,229.9,233.5,228.5,232.5,423062
2026-07-20,PGE.WA,9.45,9.634,9.324,9.48,2749129
2026-07-20,PKN.WA,147.7,148.82,144.88,146.62,1636495
2026-07-20,PKO.WA,106.7,107.62,105.8,106.74,2630342
2026-07-20,PZU.WA,69.4,70.42,68.62,69.8,1079352
2026-07-21,ALE.WA,44.15,45.155,44.06,45.085,6909190
2026-07-21,ALR.WA,137.95,139.25,135.0,138.2,393776
2026-07-21,BDX.WA,752.8,763.0,743.6,753.2,34206
2026-07-21,BHW.WA,123.0,124.0,122.2,124.0,33068
2026-07-21,CDR.WA,231.9,233.2,228.5,230.9,218091
2026-07-21,CPS.WA,17.1,17.59,16.7,16.835,1051308
2026-07-21,DNP.WA,30.0,30.13,29.55,29.78,3625743
2026-07-21,JSW.WA,25.96,26.25,25.73,25.89,108976
2026-07-21,KGH.WA,302.65,310.2,302.5,306.45,725838
2026-07-21,KRU.WA,419.9,422.3,417.3,419.0,28625
2026-07-21,KTY.WA,1314.0,1334.0,1310.0,1323.0,31419
2026-07-21,LPP.WA,20160.0,20180.0,19830.0,19950.0,2492
2026-07-21,MBK.WA,1389.0,1405.0,1383.5,1400.0,22737
2026-07-21,MRB.WA,11.29,11.58,11.12,11.45,189033
2026-07-21,NVT.WA,97.6,98.8,97.6,98.0,142
2026-07-21,OPL.WA,14.62,14.765,14.53,14.765,1206456
2026-07-21,PCO.WA,41.75,42.21,41.38,41.98,2294934
2026-07-21,PEO.WA,234.1,236.3,233.1,236.2,480380
2026-07-21,PGE.WA,9.504,9.66,9.472,9.5,2636123
2026-07-21,PKN.WA,147.0,149.16,146.28,149.16,1906019
2026-07-21,PKO.WA,107.46,108.92,107.0,108.88,2783617
2026-07-21,PZU.WA,70.0,71.1,70.0,70.84,1778826
2026-07-22,ALE.WA,45.085,45.49,44.745,45.08,6204268
2026-07-22,ALR.WA,138.3,138.75,135.4,136.5,175815
2026-07-22,BDX.WA,752.4,763.0,746.0,749.6,34835
2026-07-22,BHW.WA,124.0,124.0,122.8,123.4,20464
2026-07-22,CDR.WA,232.0,235.5,228.7,233.0,212314
2026-07-22,CPS.WA,16.835,17.06,16.76,16.78,419388
2026-07-22,DNP.WA,29.79,30.67,29.5,30.26,4343521
2026-07-22,JSW.WA,25.92,26.4,25.85,25.99,124726
2026-07-22,KGH.WA,309.9,316.5,306.5,314.5,634893
2026-07-22,KRU.WA,420.4,422.0,415.1,419.0,27357
2026-07-22,KTY.WA,1326.0,1347.0,1308.0,1334.0,21019
2026-07-22,LPP.WA,20100.0,20360.0,19820.0,20280.0,2832
2026-07-22,MBK.WA,1400.0,1400.0,1356.5,1360.0,21155
2026-07-22,MRB.WA,11.45,11.96,11.42,11.86,301822
2026-07-22,NVT.WA,98.0,98.0,97.8,98.0,161
2026-07-22,OPL.WA,14.76,14.815,14.53,14.7,1203222
2026-07-22,PCO.WA,41.5,43.87,41.5,43.79,2515464
2026-07-22,PEO.WA,236.5,237.4,234.4,236.0,490943
2026-07-22,PGE.WA,9.56,10.275,9.5,10.2,7106032
2026-07-22,PKN.WA,149.16,152.06,148.56,151.88,1799300
2026-07-22,PKO.WA,109.06,109.1,107.6,108.52,3336821
2026-07-22,PZU.WA,71.0,71.7,70.7,70.98,1231374
2026-07-23,ALE.WA,44.83,45.67,44.71,44.885,5824169
2026-07-23,ALR.WA,136.5,136.85,132.4,133.65,315597
2026-07-23,BDX.WA,748.0,750.8,725.0,735.4,20337
2026-07-23,BHW.WA,122.8,123.2,119.6,120.0,49423
2026-07-23,CDR.WA,232.8,232.9,225.0,226.3,300155
2026-07-23,CPS.WA,16.77,16.77,16.01,16.15,681270
2026-07-23,DNP.WA,30.26,30.29,28.86,28.86,4729658
2026-07-23,JSW.WA,26.19,26.31,25.58,25.91,135524
2026-07-23,KGH.WA,315.5,316.55,302.0,302.0,678807
2026-07-23,KRU.WA,419.0,419.6,405.6,407.8,33998
2026-07-23,KTY.WA,1338.0,1349.0,1308.0,1322.0,21764
2026-07-23,LPP.WA,20280.0,20900.0,20040.0,20300.0,4935
2026-07-23,MBK.WA,1350.0,1353.0,1294.5,1308.5,44707
2026-07-23,MRB.WA,11.92,12.12,11.85,11.86,239077
2026-07-23,NVT.WA,97.0,97.0,95.0,95.4,470
2026-07-23,OPL.WA,14.66,14.785,14.42,14.525,962396
2026-07-23,PCO.WA,43.51,43.76,42.99,43.24,4767750
2026-07-23,PEO.WA,235.0,235.0,230.7,232.9,314841
2026-07-23,PGE.WA,10.285,10.72,10.14,10.6,6402101
2026-07-23,PKN.WA,152.0,156.5,151.92,155.86,2460156
2026-07-23,PKO.WA,108.44,108.68,106.5,107.22,2977683
2026-07-23,PZU.WA,70.98,71.0,69.46,69.6,1195931
2026-07-24,ALE.WA,44.6,45.085,44.4,44.735,4448791
2026-07-24,ALR.WA,134.0,136.4,132.35,133.4,343443
2026-07-24,BDX.WA,734.0,742.0,729.4,732.8,24177
2026-07-24,BHW.WA,120.0,121.4,119.8,120.0,24604
2026-07-24,CDR.WA,226.5,229.8,225.2,226.2,303602
2026-07-24,CPS.WA,16.12,16.28,15.86,16.14,429269
2026-07-24,DNP.WA,28.96,29.2,28.68,28.78,3895024
2026-07-24,JSW.WA,26.08,26.55,25.19,25.4,220503
2026-07-24,KGH.WA,303.0,306.3,301.5,303.5,467601
2026-07-24,KRU.WA,407.8,414.2,406.7,411.4,29293
2026-07-24,KTY.WA,1323.0,1339.0,1323.0,1328.0,15836
2026-07-24,LPP.WA,20360.0,20520.0,20140.0,20140.0,2452
2026-07-24,MBK.WA,1309.0,1331.5,1295.0,1303.5,19714
2026-07-24,MRB.WA,11.83,11.96,11.74,11.78,83102
2026-07-24,NVT.WA,95.4,97.0,95.4,97.0,102
2026-07-24,OPL.WA,14.51,14.715,14.42,14.56,853405
2026-07-24,PCO.WA,43.09,43.89,42.82,43.89,1296200
2026-07-24,PEO.WA,232.6,237.2,232.3,233.7,234906
2026-07-24,PGE.WA,10.6,10.74,10.43,10.48,2678170
2026-07-24,PKN.WA,155.7,156.3,153.42,156.0,1516341
2026-07-24,PKO.WA,107.38,108.88,106.18,106.58,2320749
2026-07-24,PZU.WA,69.6,70.34,69.44,69.6,689416
2026-07-27,ALE.WA,45.0,45.29,44.725,45.0,5405140
2026-07-27,ALR.WA,135.0,136.3,133.4,134.95,177229
2026-07-27,BDX.WA,740.0,746.4,732.4,737.2,27316
2026-07-27,BHW.WA,120.4,122.0,120.2,121.8,13836
2026-07-27,CDR.WA,229.6,235.7,228.9,234.5,247016
2026-07-27,CPS.WA,16.14,16.625,16.105,16.625,397018
2026-07-27,DNP.WA,29.1,29.97,28.84,29.97,3230518
2026-07-27,JSW.WA,25.6,25.88,25.25,25.84,148222
2026-07-27,KGH.WA,309.7,312.8,301.75,302.5,498803
2026-07-27,KRU.WA,414.0,426.2,413.7,424.0,50325
2026-07-27,KTY.WA,1349.0,1362.0,1318.0,1323.0,18254
2026-07-27,LPP.WA,20380.0,20720.0,20300.0,20600.0,2323
2026-07-27,MBK.WA,1315.5,1350.0,1315.5,1324.0,14077
2026-07-27,MRB.WA,11.88,12.02,11.78,11.89,62526
2026-07-27,NVT.WA,97.0,97.0,96.0,96.8,89
2026-07-27,OPL.WA,14.6,14.72,14.39,14.63,605709
2026-07-27,PCO.WA,44.0,45.15,43.98,44.67,1901662
2026-07-27,PEO.WA,236.5,238.8,233.2,237.6,348817
2026-07-27,PGE.WA,10.43,10.59,10.24,10.25,2073993
2026-07-27,PKN.WA,154.0,154.88,148.0,151.0,1876554
2026-07-27,PKO.WA,107.78,109.1,106.7,108.0,2511960
2026-07-27,PZU.WA,70.4,70.88,70.26,70.58,1217823
2026-07-28,ALE.WA,44.925,45.01,44.4,45.0,7102948
2026-07-28,ALR.WA,135.9,137.55,133.75,134.0,215899
2026-07-28,BDX.WA,737.2,758.8,735.0,747.8,43515
2026-07-28,BHW.WA,121.4,122.4,120.0,121.0,13070
2026-07-28,CDR.WA,234.5,237.9,233.3,237.7,253091
2026-07-28,CPS.WA,16.625,17.1,16.375,17.1,667542
2026-07-28,DNP.WA,30.2,31.69,30.1,31.66,8248490
2026-07-28,JSW.WA,25.84,25.84,24.92,25.1,348510
2026-07-28,KGH.WA,300.1,302.7,292.1,292.55,738250
2026-07-28,KRU.WA,424.0,434.4,421.3,430.7,65592
2026-07-28,KTY.WA,1324.0,1345.0,1305.0,1312.0,21911
2026-07-28,LPP.WA,20540.0,21080.0,20460.0,20960.0,3654
2026-07-28,MBK.WA,1330.0,1346.0,1304.0,1316.5,21885
2026-07-28,MRB.WA,11.9,11.93,11.51,11.52,78070
2026-07-28,NVT.WA,96.0,96.8,96.0,96.8,328
2026-07-28,OPL.WA,14.72,16.375,14.325,16.375,2341638
2026-07-28,PCO.WA,45.5,46.34,45.46,46.02,4293480
2026-07-28,PEO.WA,237.0,241.5,236.1,237.7,398792
2026-07-28,PGE.WA,10.225,10.23,9.792,9.9,4046547
2026-07-28,PKN.WA,149.48,150.8,144.5,144.84,1631410
2026-07-28,PKO.WA,108.7,110.44,108.12,109.96,4030308
2026-07-28,PZU.WA,70.58,71.46,70.22,70.84,1815113
2026-07-29,ALE.WA,45.0,45.38,44.46,44.695,8554556
2026-07-29,ALR.WA,134.15,136.35,134.15,135.75,168882
2026-07-29,BDX.WA,757.0,761.8,717.2,721.0,41217
2026-07-29,BHW.WA,121.0,121.8,120.0,120.4,18238
2026-07-29,CDR.WA,238.0,253.3,237.8,253.0,797113
2026-07-29,CPS.WA,17.1,17.95,17.1,17.2,1030021
2026-07-29,DNP.WA,31.66,31.81,31.39,31.8,2919149
2026-07-29,JSW.WA,25.04,25.45,24.72,24.99,269557
2026-07-29,KGH.WA,297.0,302.8,294.35,294.35,604798
2026-07-29,KRU.WA,431.3,437.9,430.2,430.4,33859
2026-07-29,KTY.WA,1324.0,1333.0,1308.0,1312.0,29041
2026-07-29,LPP.WA,20980.0,21360.0,20940.0,21360.0,3168
2026-07-29,MBK.WA,1318.0,1355.0,1318.0,1344.0,28848
2026-07-29,MRB.WA,11.74,11.79,11.51,11.62,51076
2026-07-29,NVT.WA,96.8,97.0,96.8,96.8,22
2026-07-29,OPL.WA,16.2,16.46,15.84,15.9,2109054
2026-07-29,PCO.WA,46.02,46.47,45.33,46.47,1579119
2026-07-29,PEO.WA,237.0,240.7,237.0,237.3,515294
2026-07-29,PGE.WA,9.9,9.95,9.632,9.69,2785020
2026-07-29,PKN.WA,146.12,149.1,146.0,147.92,1618457
2026-07-29,PKO.WA,110.5,110.82,109.44,109.86,2387709
2026-07-29,PZU.WA,71.0,71.0,69.98,70.08,1662994
2026-07-30,ALE.WA,44.7,45.15,44.2,45.115,6752522
2026-07-30,ALR.WA,136.0,138.65,134.9,137.55,239173
2026-07-30,BDX.WA,725.0,730.6,710.0,717.4,38493
2026-07-30,BHW.WA,120.6,122.4,119.8,122.4,35408
2026-07-30,CDR.WA,249.8,256.7,248.0,252.9,306683
2026-07-30,CPS.WA,17.1,17.15,16.795,16.935,459073
2026-07-30,DNP.WA,31.8,33.49,31.5,31.83,10035139
2026-07-30,JSW.WA,24.94,25.14,24.7,24.95,225786
2026-07-30,KGH.WA,298.0,310.5,295.35,309.25,906211
2026-07-30,KRU.WA,432.0,432.1,425.7,425.7,20823
2026-07-30,KTY.WA,1332.0,1332.0,1264.0,1275.0,28694
2026-07-30,LPP.WA,21380.0,21780.0,21080.0,21420.0,4708
2026-07-30,MBK.WA,1344.5,1367.0,1327.5,1355.0,34370
2026-07-30,MRB.WA,11.62,11.81,11.52,11.63,108950
2026-07-30,NVT.WA,97.0,99.4,96.8,97.0,763
2026-07-30,OPL.WA,15.9,16.04,15.09,15.18,1609393
2026-07-30,PCO.WA,46.46,46.46,45.22,45.51,1081291
2026-07-30,PEO.WA,237.2,246.3,236.4,246.3,770380
2026-07-30,PGE.WA,9.722,9.806,9.57,9.74,2774035
2026-07-30,PKN.WA,149.0,149.2,144.86,146.48,915368
2026-07-30,PKO.WA,109.52,113.5,108.88,113.44,3588643
2026-07-30,PZU.WA,70.08,71.4,69.8,71.16,1637119
2026-07-31,ALE.WA,45.115,45.94,44.7,44.985,6478083
2026-07-31,ALR.WA,137.55,139.0,136.85,137.6,352472
2026-07-31,BDX.WA,720.0,725.0,710.0,721.4,26245
2026-07-31,BHW.WA,122.6,122.6,119.8,121.6,39733
2026-07-31,CDR.WA,252.5,254.6,248.3,249.9,305586
2026-07-31,CPS.WA,16.935,17.35,16.805,17.07,512619
2026-07-31,DNP.WA,32.27,32.27,31.61,31.99,9217329
2026-07-31,JSW.WA,25.31,25.31,24.76,25.1,239669
2026-07-31,KGH.WA,310.5,316.6,302.9,307.95,791237
2026-07-31,KRU.WA,426.9,429.3,425.6,425.6,43867
2026-07-31,KTY.WA,1277.0,1277.0,1236.0,1250.0,29955
2026-07-31,LPP.WA,21400.0,21720.0,21400.0,21720.0,3682
2026-07-31,MBK.WA,1360.0,1364.0,1335.0,1351.5,22953
2026-07-31,MRB.WA,11.77,12.09,11.71,12.06,127221
2026-07-31,NVT.WA,97.0,99.8,96.6,99.8,40
2026-07-31,OPL.WA,15.205,15.63,14.93,15.25,3000076
2026-07-31,PCO.WA,45.46,45.98,45.13,45.98,1429549
2026-07-31,PEO.WA,246.3,247.2,241.9,245.5,509783
2026-07-31,PGE.WA,9.82,10.35,9.784,10.11,4118207
2026-07-31,PKN.WA,146.0,148.04,144.62,148.04,1326272
2026-07-31,PKO.WA,113.9,114.1,111.44,111.92,3659071
2026-07-31,PZU.WA,71.14,71.2,70.3,71.08,1695092
2026-08-03,ALE.WA,44.98,45.325,44.35,44.39,4963699
2026-08-03,ALR.WA,139.0,140.8,138.6,139.0,211814
2026-08-03,BDX.WA,722.2,735.6,721.8,733.0,34568
2026-08-03,BHW.WA,121.8,123.8,121.8,123.8,27521
2026-08-03,CDR.WA,250.6,255.3,249.5,253.8,266693
2026-08-03,CPS.WA,17.05,17.345,17.025,17.05,499895
2026-08-03,DNP.WA,32.11,32.94,31.85,32.46,4372861
2026-08-03,JSW.WA,25.1,25.42,24.9,25.05,154814
2026-08-03,KGH.WA,315.65,317.5,305.85,312.85,597558
2026-08-03,KRU.WA,428.1,439.2,428.1,434.8,36716
2026-08-03,KTY.WA,1260.0,1288.0,1245.0,1260.0,31320
2026-08-03,LPP.WA,21780.0,21940.0,21680.0,21900.0,3098
2026-08-03,MBK.WA,1351.5,1370.0,1345.0,1370.0,24603
2026-08-03,MRB.WA,12.15,12.33,12.07,12.16,127637
2026-08-03,NVT.WA,99.8,100.0,98.0,100.0,139
2026-08-03,OPL.WA,15.09,15.64,15.07,15.435,1701458
2026-08-03,PCO.WA,45.97,46.6,45.85,46.5,895367
2026-08-03,PEO.WA,246.5,249.5,244.4,246.3,440112
2026-08-03,PGE.WA,10.11,10.54,10.11,10.445,2928249
2026-08-03,PKN.WA,145.48,149.22,144.0,149.0,1057492
2026-08-03,PKO.WA,113.0,114.16,112.2,112.5,3149954
2026-08-03,PZU.WA,71.24,71.78,70.56,71.32,1196692
2026-08-04,ALE.WA,44.46,45.665,44.46,45.665,5172130
2026-08-04,ALR.WA,137.5,143.7,136.8,143.7,426287
2026-08-04,BDX.WA,733.0,745.0,728.0,741.2,59399
2026-08-04,BHW.WA,123.6,126.0,123.0,126.0,38228
2026-08-04,CDR.WA,253.3,257.3,252.5,257.3,322917
2026-08-04,CPS.WA,17.05,17.175,16.61,17.0,798046
2026-08-04,DNP.WA,32.64,32.86,32.0,32.0,5210032
2026-08-04,JSW.WA,25.39,26.18,25.17,26.12,359582
2026-08-04,KGH.WA,314.0,339.05,314.0,339.05,1378354
2026-08-04,KRU.WA,437.0,445.8,435.8,439.7,48266
2026-08-04,KTY.WA,1275.0,1305.0,1263.0,1300.0,19118
2026-08-04,LPP.WA,21880.0,21980.0,21620.0,21840.0,3023
2026-08-04,MBK.WA,1369.0,1448.5,1365.5,1448.5,35668
2026-08-04,MRB.WA,12.25,12.36,12.16,12.27,126514
2026-08-04,NVT.WA,96.4,97.0,96.0,97.0,253
2026-08-04,OPL.WA,15.425,15.815,15.41,15.675,995052
2026-08-04,PCO.WA,46.76,47.08,46.06,47.02,837788
2026-08-04,PEO.WA,246.8,255.0,245.7,255.0,590584
2026-08-04,PGE.WA,10.47,11.295,10.44,11.085,8522745
2026-08-04,PKN.WA,149.2,150.44,145.1,147.0,2070172
2026-08-04,PKO.WA,107.54,109.4,105.9,109.02,3251634
2026-08-04,PZU.WA,71.44,72.4,70.72,72.38,1645148
2026-08-05,ALE.WA,45.625,46.165,44.915,45.155,5103736
2026-08-05,ALR.WA,142.3,143.15,134.05,135.85,389225
2026-08-05,BDX.WA,745.0,746.2,713.2,740.0,84845
2026-08-05,BHW.WA,126.0,126.0,121.8,123.0,31569
2026-08-05,CDR.WA,257.3,258.3,250.0,253.5,231752
2026-08-05,CPS.WA,17.0,17.16,16.86,16.91,475676
2026-08-05,DNP.WA,32.2,32.25,31.7,31.85,3503584
2026-08-05,JSW.WA,26.19,26.4,25.32,25.62,240439
2026-08-05,KGH.WA,345.0,350.0,336.55,346.1,928821
2026-08-05,KRU.WA,441.0,441.0,430.2,430.2,34873
2026-08-05,KTY.WA,1315.0,1324.0,1289.0,1290.0,19285
2026-08-05,LPP.WA,21840.0,22000.0,21460.0,22000.0,3242
2026-08-05,MBK.WA,1450.0,1460.0,1399.5,1419.5,27053
2026-08-05,MRB.WA,12.3,12.35,12.02,12.04,113514
2026-08-05,NVT.WA,98.8,98.8,95.4,96.2,299
2026-08-05,OPL.WA,15.675,15.78,15.425,15.555,979239
2026-08-05,PCO.WA,47.0,47.31,46.49,46.6,830717
2026-08-05,PEO.WA,255.0,255.0,249.8,253.0,397405
2026-08-05,PGE.WA,11.035,11.385,10.86,10.9,4827635
2026-08-05,PKN.WA,146.7,151.76,145.9,150.2,1825358
2026-08-05,PKO.WA,109.44,109.66,107.24,108.42,2073350
2026-08-05,PZU.WA,72.3,72.7,71.8,72.6,1337953
2026-08-06,ALE.WA,45.24,46.46,45.1,46.07,4147067
2026-08-06,ALR.WA,136.8,136.8,133.85,135.35,330946
2026-08-06,BDX.WA,740.0,746.4,731.4,738.0,36677
2026-08-06,BHW.WA,123.0,124.0,122.2,122.6,65592
2026-08-06,CDR.WA,255.0,255.0,248.0,248.5,265368
2026-08-06,CPS.WA,17.065,17.095,16.7,16.895,311439
2026-08-06,DNP.WA,31.99,32.6,31.96,32.03,3228906
2026-08-06,JSW.WA,25.63,26.22,25.42,26.15,170077
2026-08-06,KGH.WA,344.4,356.7,333.6,350.85,1263822
2026-08-06,KRU.WA,432.3,435.7,430.5,431.6,25062
2026-08-06,KTY.WA,1296.0,1312.0,1291.0,1294.0,17145
2026-08-06,LPP.WA,21840.0,22440.0,21700.0,21960.0,8094
2026-08-06,MBK.WA,1424.5,1458.5,1417.0,1436.5,27675
2026-08-06,MRB.WA,12.19,12.2,11.99,12.18,133615
2026-08-06,NVT.WA,99.4,99.4,96.2,98.4,28
2026-08-06,OPL.WA,15.65,15.695,15.375,15.435,1317677
2026-08-06,PCO.WA,46.69,47.02,46.32,46.66,1091956
2026-08-06,PEO.WA,253.5,257.9,252.1,256.9,319059
2026-08-06,PGE.WA,10.915,11.075,10.79,10.8,3311026
2026-08-06,PKN.WA,150.2,153.12,148.22,152.7,949526
2026-08-06,PKO.WA,108.7,110.1,108.2,109.66,1832495
2026-08-06,PZU.WA,72.58,73.68,72.16,73.22,1411014
2026-08-07,ALE.WA,46.07,46.565,45.815,46.205,2772580
2026-08-07,ALR.WA,136.0,136.2,134.05,134.75,217986
2026-08-07,BDX.WA,740.0,740.0,719.0,730.4,25685
2026-08-07,BHW.WA,122.6,122.8,121.8,122.6,17429
2026-08-07,CDR.WA,248.0,259.6,248.0,256.1,320086
2026-08-07,CPS.WA,16.895,17.05,16.73,17.0,230747
2026-08-07,DNP.WA,32.14,32.59,32.02,32.44,2503354
2026-08-07,JSW.WA,26.32,26.36,25.77,26.15,153110
2026-08-07,KGH.WA,354.5,359.0,347.8,352.95,731732
2026-08-07,KRU.WA,434.0,434.0,429.1,430.4,17309
2026-08-07,KTY.WA,1299.0,1302.0,1273.0,1273.0,24650
2026-08-07,LPP.WA,21960.0,22580.0,21960.0,22220.0,4533
2026-08-07,MBK.WA,1436.5,1449.5,1414.5,1415.0,17121
2026-08-07,MRB.WA,12.19,12.2,11.97,12.2,141598
2026-08-07,NVT.WA,98.2,98.4,96.4,96.6,198
2026-08-07,OPL.WA,15.55,15.6,15.33,15.38,920887
2026-08-07,PCO.WA,46.65,46.96,46.52,46.67,1035879
2026-08-07,PEO.WA,256.0,256.0,252.9,252.9,238883
2026-08-07,PGE.WA,10.81,10.845,10.535,10.75,2400936
2026-08-07,PKN.WA,154.22,154.6,147.36,149.06,1608667
2026-08-07,PKO.WA,109.7,109.9,108.3,109.0,1482288
2026-08-07,PZU.WA,73.4,73.76,72.9,73.06,714739
2026-08-10,ALE.WA,46.205,46.36,45.85,45.95,5100402
2026-08-10,ALR.WA,135.4,135.4,133.1,134.9,151902
2026-08-10,BDX.WA,735.0,763.0,722.4,760.0,48086
2026-08-10,BHW.WA,122.6,122.6,120.8,122.6,32446
2026-08-10,CDR.WA,256.6,259.0,253.7,257.1,267702
2026-08-10,CPS.WA,17.02,17.225,16.84,17.195,806142
2026-08-10,DNP.WA,32.53,33.75,32.46,33.56,5564353
2026-08-10,JSW.WA,26.3,27.96,26.21,27.93,847313
2026-08-10,KGH.WA,355.0,361.0,353.75,358.8,667529
2026-08-10,KRU.WA,431.3,433.7,427.2,431.0,22935
2026-08-10,KTY.WA,1281.0,1303.0,1264.0,1293.0,22403
2026-08-10,LPP.WA,22300.0,22360.0,22020.0,22200.0,1648
2026-08-10,MBK.WA,1415.0,1424.0,1393.5,1417.5,20374
2026-08-10,MRB.WA,12.2,13.29,12.14,13.28,763280
2026-08-10,NVT.WA,98.4,98.4,96.4,98.0,450
2026-08-10,OPL.WA,15.34,15.4,15.08,15.21,1129294
2026-08-10,PCO.WA,46.8,46.86,46.08,46.38,1094414
2026-08-10,PEO.WA,252.9,254.0,249.6,254.0,632526
2026-08-10,PGE.WA,10.72,10.75,10.48,10.63,2045280
2026-08-10,PKN.WA,149.04,150.56,148.2,150.06,829989
2026-08-10,PKO.WA,108.7,110.5,107.56,110.1,1907017
2026-08-10,PZU.WA,73.36,73.42,72.4,73.06,1500829
2026-08-11,ALE.WA,45.95,47.05,45.95,46.85,4504382
2026-08-11,ALR.WA,134.8,136.6,133.65,133.65,195516
2026-08-11,BDX.WA,755.0,769.0,750.0,750.0,49967
2026-08-11,BHW.WA,121.4,122.6,121.4,121.8,17363
2026-08-11,CDR.WA,257.1,264.0,256.0,260.5,478428
2026-08-11,CPS.WA,17.195,17.24,16.76,16.76,476922
2026-08-11,DNP.WA,33.7,34.03,33.25,33.43,8200795
2026-08-11,JSW.WA,27.67,28.26,27.6,27.78,312175
2026-08-11,KGH.WA,356.0,367.6,354.05,364.5,819212
2026-08-11,KRU.WA,430.0,436.3,427.5,427.5,32179
2026-08-11,KTY.WA,1294.0,1314.0,1289.0,1299.0,21127
2026-08-11,LPP.WA,22180.0,22580.0,22180.0,22440.0,2340
2026-08-11,MBK.WA,1410.5,1442.0,1410.5,1415.0,20372
2026-08-11,MRB.WA,13.31,13.48,13.0,13.26,304434
2026-08-11,NVT.WA,98.0,98.0,98.0,98.0,1
2026-08-11,OPL.WA,15.165,15.315,14.86,14.9,955144
2026-08-11,PCO.WA,46.3,47.11,46.08,47.11,1335275
2026-08-11,PEO.WA,254.0,255.7,252.5,253.5,600586
2026-08-11,PGE.WA,10.635,11.205,10.635,11.15,4057272
2026-08-11,PKN.WA,150.94,155.0,150.88,153.28,1863999
2026-08-11,PKO.WA,110.0,110.86,109.04,109.04,2569518
2026-08-11,PZU.WA,72.96,73.72,72.8,72.8,1704966
2026-08-12,ALE.WA,46.925,47.635,46.435,46.435,5465259
2026-08-12,ALR.WA,134.75,134.85,131.85,132.65,183212
2026-08-12,BDX.WA,756.6,761.0,750.0,751.4,21941
2026-08-12,BHW.WA,121.6,122.0,120.8,122.0,17472
2026-08-12,CDR.WA,260.7,268.0,257.2,266.4,371606
2026-08-12,CPS.WA,16.88,17.195,16.69,17.145,860948
2026-08-12,DNP.WA,33.57,33.92,33.33,33.38,5805185
2026-08-12,JSW.WA,27.78,28.4,27.5,28.14,338653
2026-08-12,KGH.WA,367.0,370.2,361.15,367.15,675655
2026-08-12,KRU.WA,428.0,439.7,428.0,436.3,58017
2026-08-12,KTY.WA,1306.0,1314.0,1289.0,1289.0,13658
2026-08-12,LPP.WA,22500.0,22500.0,22100.0,22220.0,2422
2026-08-12,MBK.WA,1414.5,1424.0,1400.5,1418.0,18394
2026-08-12,MRB.WA,13.28,13.45,13.02,13.1,213945
2026-08-12,NVT.WA,98.0,98.0,97.0,97.2,61
2026-08-12,OPL.WA,14.865,15.14,14.845,14.98,1375308
2026-08-12,PCO.WA,47.14,47.14,45.97,46.22,577374
2026-08-12,PEO.WA,253.8,255.6,252.0,255.6,470435
2026-08-12,PGE.WA,11.15,11.23,11.0,11.09,2246242
2026-08-12,PKN.WA,153.2,156.34,152.2,155.68,1222891
2026-08-12,PKO.WA,109.1,109.82,108.58,109.82,1360151
2026-08-12,PZU.WA,73.08,73.24,72.36,72.78,1097008
2026-08-13,ALE.WA,46.565,46.84,46.02,46.41,3186407
2026-08-13,ALR.WA,132.9,133.75,131.0,131.0,188804
2026-08-13,BDX.WA,751.4,757.8,725.6,729.0,23076
2026-08-13,BHW.WA,121.6,122.8,121.4,122.8,34630
2026-08-13,CDR.WA,266.4,269.0,260.6,261.2,398005
2026-08-13,CPS.WA,17.2,17.48,17.005,17.48,735040
2026-08-13,DNP.WA,33.5,33.73,32.71,32.71,5261954
2026-08-13,JSW.WA,28.4,29.4,28.25,28.85,444592
2026-08-13,KGH.WA,360.0,360.0,350.3,355.8,602098
2026-08-13,KRU.WA,438.3,441.0,430.8,432.2,26621
2026-08-13,KTY.WA,1292.0,1306.0,1279.0,1280.0,15998
2026-08-13,LPP.WA,22200.0,22260.0,21520.0,21620.0,3488
2026-08-13,MBK.WA,1418.0,1432.0,1393.5,1405.5,13013
2026-08-13,MRB.WA,13.25,13.25,13.0,13.22,92570
2026-08-13,NVT.WA,96.8,99.0,96.8,96.8,276
2026-08-13,OPL.WA,14.935,15.04,14.345,14.38,1677779
2026-08-13,PCO.WA,44.44,45.28,43.3,44.72,1507427
2026-08-13,PEO.WA,256.0,258.5,253.4,255.0,409640
2026-08-13,PGE.WA,11.2,11.2,10.825,10.95,3019197
2026-08-13,PKN.WA,155.6,155.84,149.36,151.04,859641
2026-08-13,PKO.WA,110.0,112.2,109.42,109.42,3478402
2026-08-13,PZU.WA,73.06,73.34,71.82,72.14,1592028
2026-08-14,ALE.WA,45.5,47.04,44.5,46.46,2475717
2026-08-14,ALR.WA,131.0,132.9,130.8,131.95,179323
2026-08-14,BDX.WA,732.4,733.0,723.0,732.2,20004
2026-08-14,BHW.WA,122.6,123.4,121.4,123.0,13591
2026-08-14,CDR.WA,263.6,266.5,258.0,263.1,200723
2026-08-14,CPS.WA,17.48,17.51,17.22,17.27,395452
2026-08-14,DNP.WA,32.8,32.98,32.36,32.41,3124540
2026-08-14,JSW.WA,29.0,29.0,27.8,28.28,298884
2026-08-14,KGH.WA,353.5,354.7,345.95,352.5,427277
2026-08-14,KRU.WA,434.0,437.7,427.0,433.0,32149
2026-08-14,KTY.WA,1290.0,1299.0,1279.0,1288.0,11344
2026-08-14,LPP.WA,21640.0,21840.0,21480.0,21820.0,1531
2026-08-14,MBK.WA,1422.5,1431.0,1390.0,1431.0,13905
2026-08-14,MRB.WA,13.16,13.36,13.1,13.25,93105
2026-08-14,NVT.WA,96.6,99.0,96.6,99.0,59
2026-08-14,OPL.WA,14.4,14.9,14.385,14.79,754465
2026-08-14,PCO.WA,44.72,44.8,43.98,44.32,1140150
2026-08-14,PEO.WA,255.0,259.2,254.0,259.2,419406
2026-08-14,PGE.WA,11.06,11.06,10.495,10.79,3136284
2026-08-14,PKN.WA,152.0,153.88,148.7,152.2,1279732
2026-08-14,PKO.WA,109.98,111.6,109.52,111.08,2013080
2026-08-14,PZU.WA,72.38,72.94,71.94,72.9,893045
2026-08-17,ALE.WA,46.46,46.46,44.775,45.065,3580794
2026-08-17,ALR.WA,132.0,133.35,131.35,131.85,145796
2026-08-17,BDX.WA,734.0,735.0,718.0,718.8,27024
2026-08-17,BHW.WA,122.2,124.0,122.2,123.6,22924
2026-08-17,CDR.WA,263.1,264.3,255.0,257.8,201367
2026-08-17,CPS.WA,17.265,17.35,16.42,16.545,576642
2026-08-17,DNP.WA,32.57,32.75,31.68,31.68,3227429
2026-08-17,JSW.WA,28.31,28.6,27.32,27.4,299216
2026-08-17,KGH.WA,358.85,361.05,336.75,345.2,788512
2026-08-17,KRU.WA,435.1,436.1,428.0,428.0,22085
2026-08-17,KTY.WA,1295.0,1303.0,1271.0,1279.0,18026
2026-08-17,LPP.WA,21660.0,21920.0,21260.0,21320.0,2493
2026-08-17,MBK.WA,1430.0,1434.0,1409.5,1420.0,13122
2026-08-17,MRB.WA,13.3,13.44,13.2,13.3,119736
2026-08-17,NVT.WA,98.6,98.6,98.6,98.6,16
2026-08-17,OPL.WA,14.79,14.865,14.5,14.7,797763
2026-08-17,PCO.WA,44.3,44.3,43.5,44.14,1117571
2026-08-17,PEO.WA,258.1,259.4,256.1,257.0,304391
2026-08-17,PGE.WA,10.82,10.895,10.3,10.37,3779600
2026-08-17,PKN.WA,152.44,152.9,150.66,152.16,928574
2026-08-17,PKO.WA,111.48,111.74,110.0,111.42,1773315
2026-08-17,PZU.WA,72.9,72.92,72.0,72.04,1183545
2026-08-18,ALE.WA,45.0,45.33,44.685,45.095,3855420
2026-08-18,ALR.WA,131.85,133.05,131.1,131.55,134440
2026-08-18,BDX.WA,718.8,722.8,711.4,713.2,30291
2026-08-18,BHW.WA,122.4,123.8,121.8,122.4,17132
2026-08-18,CDR.WA,257.8,265.8,255.6,258.3,240826
2026-08-18,CPS.WA,16.445,16.64,16.29,16.4,414571
2026-08-18,DNP.WA,31.66,32.75,31.62,32.47,2985005
2026-08-18,JSW.WA,27.47,28.19,26.57,28.11,294042
2026-08-18,KGH.WA,342.0,342.0,332.5,334.5,704386
2026-08-18,KRU.WA,428.4,433.0,428.0,429.9,16441
2026-08-18,KTY.WA,1243.0,1262.0,1231.0,1244.0,39408
2026-08-18,LPP.WA,21260.0,21260.0,20840.0,21020.0,4959
2026-08-18,MBK.WA,1412.5,1421.5,1397.5,1400.0,17692
2026-08-18,MRB.WA,13.3,13.34,12.75,12.75,185963
2026-08-18,NVT.WA,98.6,98.6,97.4,98.6,14
2026-08-18,OPL.WA,14.65,14.82,14.565,14.65,600957
2026-08-18,PCO.WA,43.7,44.2,43.5,43.51,889330
2026-08-18,PEO.WA,256.1,257.6,253.8,253.8,616476
2026-08-18,PGE.WA,10.4,10.425,10.205,10.29,2917050
2026-08-18,PKN.WA,152.9,155.24,152.76,153.22,1338477
2026-08-18,PKO.WA,110.7,111.4,109.86,109.86,1524586
2026-08-18,PZU.WA,72.04,72.16,71.54,71.54,1409653
2026-08-19,ALE.WA,45.0,45.345,44.41,45.0,2965037
2026-08-19,ALR.WA,131.55,133.8,129.6,132.9,191704
2026-08-19,BDX.WA,715.2,723.4,703.4,713.4,20855
2026-08-19,BHW.WA,122.0,123.6,121.0,123.0,22357
2026-08-19,CDR.WA,258.5,260.5,251.6,256.5,214371
2026-08-19,CPS.WA,16.5,16.5,16.06,16.38,395419
2026-08-19,DNP.WA,32.6,32.98,32.38,32.49,3830664
2026-08-19,JSW.WA,28.12,28.72,27.8,28.61,267977
2026-08-19,KGH.WA,332.5,351.4,328.85,348.0,819715
2026-08-19,KRU.WA,428.0,437.4,428.0,435.0,24316
2026-08-19,KTY.WA,1242.0,1275.0,1242.0,1261.0,21580
2026-08-19,LPP.WA,20980.0,21460.0,20720.0,21420.0,3001
2026-08-19,MBK.WA,1398.0,1423.0,1375.5,1405.0,41159
2026-08-19,MRB.WA,12.8,12.97,12.7,12.9,73532
2026-08-19,NVT.WA,99.0,99.0,97.4,97.4,57
2026-08-19,OPL.WA,14.6,14.75,14.295,14.54,770850
2026-08-19,PCO.WA,43.51,43.95,43.28,43.7,999324
2026-08-19,PEO.WA,253.4,263.9,249.7,260.0,1172988
2026-08-19,PGE.WA,10.31,10.46,10.2,10.45,2546252
2026-08-19,PKN.WA,153.58,155.42,152.1,155.42,1442728
2026-08-19,PKO.WA,110.36,115.3,109.24,115.0,4208760
2026-08-19,PZU.WA,71.9,72.54,70.7,71.78,1833694
2026-08-20,ALE.WA,45.15,45.15,44.31,44.615,3374312
2026-08-20,ALR.WA,133.0,133.0,130.0,130.0,158382
2026-08-20,BDX.WA,718.0,718.0,702.4,702.4,24041
2026-08-20,BHW.WA,123.0,123.2,121.8,122.4,19746
2026-08-20,CDR.WA,258.0,258.0,252.0,255.4,171500
2026-08-20,CPS.WA,16.5,17.2,15.705,16.11,1325091
2026-08-20,DNP.WA,32.8,32.8,32.04,32.29,3820644
2026-08-20,JSW.WA,28.59,29.33,28.25,28.62,448644
2026-08-20,KGH.WA,347.35,349.85,330.2,332.45,784181
2026-08-20,KRU.WA,435.9,436.0,429.7,430.2,22277
2026-08-20,KTY.WA,1260.0,1261.0,1201.0,1213.0,37531
2026-08-20,LPP.WA,21420.0,21460.0,20700.0,20700.0,2555
2026-08-20,MBK.WA,1416.0,1417.5,1380.0,1386.0,18463
2026-08-20,MRB.WA,12.99,13.03,12.77,12.81,54305
2026-08-20,NVT.WA,97.0,97.0,96.8,96.8,48
2026-08-20,OPL.WA,14.58,14.6,14.1,14.155,1262443
2026-08-20,PCO.WA,43.8,43.96,42.15,42.36,1245919
2026-08-20,PEO.WA,261.0,261.0,257.3,259.6,436538
2026-08-20,PGE.WA,10.49,10.495,10.17,10.2,2147528
2026-08-20,PKN.WA,155.4,156.5,153.84,156.0,1066342
2026-08-20,PKO.WA,115.0,115.0,113.1,113.7,2270308
2026-08-20,PZU.WA,72.58,72.92,71.7,72.2,2039346
2026-08-21,ALE.WA,44.615,45.245,44.615,45.095,4070295
2026-08-21,ALR.WA,130.0,132.15,130.0,130.05,193088
2026-08-21,BDX.WA,707.0,722.0,706.4,706.4,26319
2026-08-21,BHW.WA,121.4,123.6,121.4,123.0,19979
2026-08-21,CDR.WA,256.9,260.9,254.1,258.7,217489
2026-08-21,CPS.WA,16.23,16.325,15.49,15.82,858989
2026-08-21,DNP.WA,32.61,35.19,32.56,34.78,12798625
2026-08-21,JSW.WA,28.58,29.85,28.5,29.59,870321
2026-08-21,KGH.WA,339.6,343.2,333.6,342.35,2677082
2026-08-21,KRU.WA,430.4,438.6,430.4,435.7,29198
2026-08-21,KTY.WA,1224.0,1254.0,1224.0,1227.0,16529
2026-08-21,LPP.WA,20800.0,20980.0,20740.0,20800.0,2222
2026-08-21,MBK.WA,1384.0,1411.5,1380.0,1385.5,11309
2026-08-21,MRB.WA,12.92,12.95,12.79,12.84,37041
2026-08-21,NVT.WA,96.8,98.4,96.8,97.0,22
2026-08-21,OPL.WA,14.45,14.45,14.08,14.165,936296
2026-08-21,PCO.WA,42.5,43.13,42.4,42.89,1899041
2026-08-21,PEO.WA,260.0,263.7,258.8,258.8,327122
2026-08-21,PGE.WA,10.16,10.385,9.944,10.19,3717845
2026-08-21,PKN.WA,155.9,157.18,152.12,153.14,1350928
2026-08-21,PKO.WA,114.0,115.38,113.9,113.96,2121825
2026-08-21,PZU.WA,72.56,72.82,72.02,72.02,1138479
2026-08-24,ALE.WA,45.095,45.095,44.64,44.705,2914350
2026-08-24,ALR.WA,130.3,130.95,128.85,129.25,193476
2026-08-24,BDX.WA,710.8,710.8,690.6,696.4,25054
2026-08-24,BHW.WA,123.2,123.6,122.0,122.8,11818
2026-08-24,CDR.WA,259.0,260.8,255.9,257.2,177256
2026-08-24,CPS.WA,15.86,16.22,15.66,16.2,564423
2026-08-24,DNP.WA,34.76,35.5,34.38,35.05,4620556
2026-08-24,JSW.WA,29.59,30.61,29.46,30.2,465165
2026-08-24,KGH.WA,343.0,361.35,342.4,358.4,761897
2026-08-24,KRU.WA,436.9,438.1,429.5,433.5,21273
2026-08-24,KTY.WA,1231.0,1237.0,1215.0,1235.0,8459
2026-08-24,LPP.WA,20800.0,20820.0,20520.0,20560.0,2237
2026-08-24,MBK.WA,1387.5,1387.5,1346.0,1378.0,12066
2026-08-24,MRB.WA,12.85,13.05,12.71,12.86,70042
2026-08-24,NVT.WA,97.0,98.0,96.6,98.0,129
2026-08-24,OPL.WA,14.055,14.4,14.05,14.265,502118
2026-08-24,PCO.WA,42.9,43.0,41.93,42.07,1099087
2026-08-24,PEO.WA,259.0,259.0,254.2,257.6,252320
2026-08-24,PGE.WA,10.19,10.36,10.135,10.21,1874011
2026-08-24,PKN.WA,153.14,154.14,152.02,154.0,808501
2026-08-24,PKO.WA,113.94,113.96,112.24,113.14,1921088
2026-08-24,PZU.WA,72.08,72.76,71.58,72.72,1417699
2026-08-25,ALE.WA,44.915,45.0,44.5,44.87,2907853
2026-08-25,ALR.WA,129.2,130.5,129.0,130.05,420963
2026-08-25,BDX.WA,703.0,709.6,696.8,709.0,38135
2026-08-25,BHW.WA,122.8,123.4,122.2,123.2,14960
2026-08-25,CDR.WA,248.0,248.0,236.0,242.9,2106187
2026-08-25,CPS.WA,16.205,16.935,16.205,16.46,692421
2026-08-25,DNP.WA,35.05,36.45,34.52,36.18,5864181
2026-08-25,JSW.WA,30.2,31.63,30.16,31.5,861903
2026-08-25,KGH.WA,358.5,366.0,355.35,366.0,778943
2026-08-25,KRU.WA,433.2,442.0,432.4,440.2,37869
2026-08-25,KTY.WA,1235.0,1250.0,1228.0,1241.0,11808
2026-08-25,LPP.WA,20560.0,20740.0,20500.0,20700.0,1888
2026-08-25,MBK.WA,1374.0,1388.0,1365.0,1370.5,9074
2026-08-25,MRB.WA,12.95,13.1,12.6,12.7,210998
2026-08-25,NVT.WA,97.2,97.2,97.2,97.2,15
2026-08-25,OPL.WA,14.3,14.685,14.165,14.525,1421373
2026-08-25,PCO.WA,42.15,42.4,41.93,42.4,1101085
2026-08-25,PEO.WA,259.0,261.0,256.2,257.1,610428
2026-08-25,PGE.WA,10.225,10.58,10.225,10.54,2323914
2026-08-25,PKN.WA,153.72,153.82,151.7,152.52,1018601
2026-08-25,PKO.WA,113.8,114.64,113.3,113.52,1041881
2026-08-25,PZU.WA,72.82,72.98,72.0,72.16,1900958
2026-08-26,ALE.WA,44.87,45.02,44.585,44.835,3293345
2026-08-26,ALR.WA,131.0,134.95,130.35,134.6,169161
2026-08-26,BDX.WA,711.4,730.6,707.4,720.8,41737
2026-08-26,BHW.WA,122.0,124.4,121.8,124.2,25532
2026-08-26,CDR.WA,244.9,246.7,237.7,238.0,519759
2026-08-26,CPS.WA,16.46,16.495,16.225,16.305,608220
2026-08-26,DNP.WA,36.2,36.92,35.9,36.09,4867917
2026-08-26,JSW.WA,31.65,32.29,31.11,31.8,512931
2026-08-26,KGH.WA,369.5,376.35,360.3,364.35,781577
2026-08-26,KRU.WA,441.5,447.0,438.5,444.2,35868
2026-08-26,KTY.WA,1245.0,1265.0,1241.0,1261.0,12316
2026-08-26,LPP.WA,20800.0,21280.0,20720.0,21200.0,2633
2026-08-26,MBK.WA,1385.0,1403.0,1377.0,1392.0,10794
2026-08-26,MRB.WA,12.7,13.08,12.65,12.85,98492
2026-08-26,NVT.WA,97.2,98.4,97.0,97.0,182
2026-08-26,OPL.WA,14.44,14.575,14.28,14.32,513857
2026-08-26,PCO.WA,42.6,43.45,42.5,43.13,2017399
2026-08-26,PEO.WA,258.9,261.9,257.6,261.9,1312481
2026-08-26,PGE.WA,10.64,11.15,10.6,10.83,5189557
2026-08-26,PKN.WA,151.84,152.0,148.1,149.0,1537400
2026-08-26,PKO.WA,114.0,116.2,113.2,115.78,2030192
2026-08-26,PZU.WA,72.66,74.0,72.46,74.0,1423654
2026-08-27,ALE.WA,44.835,44.85,43.855,44.04,2651410
2026-08-27,ALR.WA,134.9,135.4,131.75,131.9,160991
2026-08-27,BDX.WA,720.0,723.4,709.2,711.4,26462
2026-08-27,BHW.WA,124.0,124.0,118.4,120.0,69724
2026-08-27,CDR.WA,238.0,238.1,230.3,234.0,574262
2026-08-27,CPS.WA,16.445,16.445,15.805,15.875,407247
2026-08-27,DNP.WA,36.0,36.16,35.44,35.44,4152786
2026-08-27,JSW.WA,31.9,32.1,31.15,31.87,421135
2026-08-27,KGH.WA,364.35,367.35,356.4,361.6,458297
2026-08-27,KRU.WA,444.2,444.4,408.1,410.1,175139
2026-08-27,KTY.WA,1262.0,1262.0,1240.0,1241.0,9388
2026-08-27,LPP.WA,21300.0,21400.0,20620.0,20720.0,2991
2026-08-27,MBK.WA,1398.0,1398.0,1344.0,1352.0,12724
2026-08-27,MRB.WA,12.99,12.99,12.72,12.81,45274
2026-08-27,NVT.WA,97.0,97.4,97.0,97.0,42
2026-08-27,OPL.WA,14.26,14.32,13.8,13.9,813419
2026-08-27,PCO.WA,43.03,43.12,42.69,42.95,900549
2026-08-27,PEO.WA,261.9,262.0,253.1,253.9,458219
2026-08-27,PGE.WA,10.91,10.91,10.66,10.755,1604939
2026-08-27,PKN.WA,151.0,151.02,145.82,147.66,1259629
2026-08-27,PKO.WA,116.5,116.66,112.22,112.34,2029390
2026-08-27,PZU.WA,74.0,74.0,72.62,72.7,1638153
2026-08-28,ALE.WA,44.42,45.35,44.18,45.35,3672050
2026-08-28,ALR.WA,134.0,134.3,131.95,132.45,115523
2026-08-28,BDX.WA,711.8,717.6,699.0,704.4,26179
2026-08-28,BHW.WA,120.6,120.6,118.8,119.4,23850
2026-08-28,CDR.WA,236.0,236.6,233.4,236.5,299088
2026-08-28,CPS.WA,15.875,15.99,15.65,15.87,380822
2026-08-28,DNP.WA,35.45,35.89,35.0,35.56,5613447
2026-08-28,JSW.WA,31.9,32.37,31.65,32.0,391914
2026-08-28,KGH.WA,366.0,368.5,356.25,362.0,422166
2026-08-28,KRU.WA,416.7,417.0,405.1,406.0,71366
2026-08-28,KTY.WA,1249.0,1257.0,1243.0,1247.0,10247
2026-08-28,LPP.WA,20740.0,21000.0,20660.0,21000.0,1358
2026-08-28,MBK.WA,1360.5,1372.5,1344.0,1354.0,9471
2026-08-28,MRB.WA,12.97,13.19,12.85,13.08,162154
2026-08-28,NVT.WA,98.0,98.8,98.0,98.0,60
2026-08-28,OPL.WA,13.9,13.975,13.73,13.88,938553
2026-08-28,PCO.WA,43.03,43.4,42.83,43.2,805220
2026-08-28,PEO.WA,256.5,256.8,254.2,255.5,372270
2026-08-28,PGE.WA,10.755,10.955,10.7,10.89,2222470
2026-08-28,PKN.WA,149.0,149.68,148.0,148.98,649911
2026-08-28,PKO.WA,113.36,113.8,111.82,113.5,1616439
2026-08-28,PZU.WA,73.48,73.88,73.1,73.58,706039
2026-08-31,ALE.WA,44.9,45.61,44.75,45.61,8309381
2026-08-31,ALR.WA,132.5,134.0,132.0,132.1,177956
2026-08-31,BDX.WA,703.6,710.4,699.2,710.2,53801
2026-08-31,BHW.WA,119.4,119.6,117.0,118.0,94057
2026-08-31,CDR.WA,237.3,238.0,234.1,234.4,291064
2026-08-31,CPS.WA,15.8,16.06,15.72,15.945,524163
2026-08-31,DNP.WA,35.6,36.56,35.44,35.98,5553806
2026-08-31,JSW.WA,32.43,33.5,31.6,33.12,884992
2026-08-31,KGH.WA,357.65,364.05,353.0,357.2,676162
2026-08-31,KRU.WA,407.0,407.0,398.0,399.8,104350
2026-08-31,KTY.WA,1250.0,1267.0,1237.0,1259.0,15855
2026-08-31,LPP.WA,20920.0,21160.0,20820.0,20840.0,2974
2026-08-31,MBK.WA,1350.5,1378.0,1343.0,1363.0,42985
2026-08-31,MRB.WA,13.1,13.15,12.61,12.92,149742
2026-08-31,NVT.WA,98.0,98.0,97.0,97.0,3
2026-08-31,OPL.WA,13.84,13.945,13.63,13.69,1919882
2026-08-31,PCO.WA,43.39,43.39,42.66,43.33,7779767
2026-08-31,PEO.WA,256.7,260.4,256.2,259.1,737921
2026-08-31,PGE.WA,10.935,11.2,10.88,11.1,3834583
2026-08-31,PKN.WA,150.18,156.14,150.1,154.22,2407097
2026-08-31,PKO.WA,113.3,115.0,112.78,113.96,2694154
2026-08-31,PZU.WA,73.62,74.94,73.42,74.2,3114178
2026-09-01,ALE.WA,45.61,45.61,44.295,45.41,5261230
2026-09-01,ALR.WA,132.1,133.5,130.0,131.65,605122
2026-09-01,BDX.WA,708.0,708.0,682.0,691.2,67907
2026-09-01,BHW.WA,117.0,117.8,116.2,116.8,60073
2026-09-01,CDR.WA,236.5,237.4,233.2,234.4,347830
2026-09-01,CPS.WA,15.945,15.99,15.34,15.55,922512
2026-09-01,DNP.WA,35.85,36.55,35.63,36.2,4281933
2026-09-01,JSW.WA,33.12,34.26,32.91,33.91,1054619
2026-09-01,KGH.WA,359.35,359.65,342.6,347.0,566563
2026-09-01,KRU.WA,400.0,402.0,391.7,394.3,78932
2026-09-01,KTY.WA,1266.0,1269.0,1215.0,1219.0,25646
2026-09-01,LPP.WA,21000.0,21000.0,20460.0,20880.0,3711
2026-09-01,MBK.WA,1363.0,1368.0,1331.0,1345.5,15558
2026-09-01,MRB.WA,12.92,12.92,12.52,12.62,122125
2026-09-01,NVT.WA,98.8,98.8,96.8,97.0,43
2026-09-01,OPL.WA,13.625,13.87,13.5,13.825,1008599
2026-09-01,PCO.WA,43.36,44.2,43.03,44.06,994360
2026-09-01,PEO.WA,258.6,259.4,252.7,256.3,648100
2026-09-01,PGE.WA,11.095,11.19,10.9,10.995,2639514
2026-09-01,PKN.WA,156.2,160.1,154.0,155.54,1376448
2026-09-01,PKO.WA,113.72,114.28,111.72,113.7,1677539
2026-09-01,PZU.WA,74.58,74.9,73.4,74.06,1731960
2026-09-02,ALE.WA,45.34,45.34,44.52,44.755,3676768
2026-09-02,ALR.WA,131.9,134.15,130.6,133.35,139547
2026-09-02,BDX.WA,693.6,703.2,684.0,692.0,44156
2026-09-02,BHW.WA,117.0,118.0,116.2,117.6,42741
2026-09-02,CDR.WA,234.4,234.9,230.3,231.2,359234
2026-09-02,CPS.WA,15.59,15.965,15.49,15.87,337276
2026-09-02,DNP.WA,36.3,36.64,35.42,35.57,8681896
2026-09-02,JSW.WA,34.0,35.18,33.5,34.52,1186309
2026-09-02,KGH.WA,344.6,349.2,339.3,344.15,508789
2026-09-02,KRU.WA,395.0,404.9,391.0,397.9,91186
2026-09-02,KTY.WA,1220.0,1233.0,1205.0,1214.0,14360
2026-09-02,LPP.WA,21000.0,21100.0,20720.0,20900.0,2262
2026-09-02,MBK.WA,1345.5,1408.0,1327.5,1404.5,18235
2026-09-02,MRB.WA,12.6,12.8,12.33,12.79,82133
2026-09-02,NVT.WA,97.0,97.0,96.6,96.6,74
2026-09-02,OPL.WA,13.825,13.925,13.67,13.915,1185532
2026-09-02,PCO.WA,44.5,44.5,42.84,43.05,1012957
2026-09-02,PEO.WA,256.0,257.9,253.0,257.2,582051
2026-09-02,PGE.WA,11.17,11.97,10.98,11.85,10298376
2026-09-02,PKN.WA,157.2,158.38,153.86,158.0,1830663
2026-09-02,PKO.WA,113.06,114.5,112.12,114.24,1593154
2026-09-02,PZU.WA,74.06,74.74,73.9,74.3,1013561
2026-09-03,ALE.WA,45.0,45.265,44.125,45.09,3334298
2026-09-03,ALR.WA,134.0,135.2,131.4,133.6,167607
2026-09-03,BDX.WA,692.0,696.0,683.0,686.8,22967
2026-09-03,BHW.WA,117.8,118.0,115.2,115.2,95477
2026-09-03,CDR.WA,240.0,242.0,232.7,232.7,498634
2026-09-03,CPS.WA,15.96,16.175,15.78,15.9,404793
2026-09-03,DNP.WA,35.4,36.18,35.1,35.84,3927864
2026-09-03,JSW.WA,34.53,35.3,34.45,35.29,1031012
2026-09-03,KGH.WA,344.15,352.2,341.75,352.2,545297
2026-09-03,KRU.WA,399.0,402.4,393.9,399.3,53957
2026-09-03,KTY.WA,1226.0,1245.0,1200.0,1227.0,17198
2026-09-03,LPP.WA,20860.0,21000.0,20560.0,20820.0,2361
2026-09-03,MBK.WA,1408.5,1418.5,1377.5,1402.5,18005
2026-09-03,MRB.WA,12.83,12.86,12.62,12.8,73519
2026-09-03,NVT.WA,96.8,97.0,96.6,96.8,101
2026-09-03,OPL.WA,13.94,14.125,13.745,13.805,641874
2026-09-03,PCO.WA,43.05,43.05,41.6,41.87,3180589
2026-09-03,PEO.WA,257.2,260.9,254.0,258.9,396627
2026-09-03,PGE.WA,11.8,12.36,11.72,12.23,7769580
2026-09-03,PKN.WA,157.0,158.98,155.72,155.96,1057008
2026-09-03,PKO.WA,114.1,115.0,112.3,114.78,1557625
2026-09-03,PZU.WA,74.72,75.5,74.0,75.5,1514021
2026-09-04,ALE.WA,45.09,45.8,44.865,45.605,1979751
2026-09-04,ALR.WA,134.5,136.0,134.0,135.65,125698
2026-09-04,BDX.WA,692.0,710.0,688.8,709.0,35866
2026-09-04,BHW.WA,116.8,116.8,113.8,114.8,88025
2026-09-04,CDR.WA,235.5,235.5,226.0,232.0,891657
2026-09-04,CPS.WA,15.9,15.99,15.8,15.9,154438
2026-09-04,DNP.WA,36.0,36.59,35.96,35.98,3187449
2026-09-04,JSW.WA,35.25,37.9,34.8,37.0,2045678
2026-09-04,KGH.WA,350.85,360.0,348.75,356.0,487081
2026-09-04,KRU.WA,402.9,402.9,395.0,395.0,38371
2026-09-04,KTY.WA,1228.0,1239.0,1221.0,1230.0,9999
2026-09-04,LPP.WA,21020.0,21460.0,20920.0,21340.0,2714
2026-09-04,MBK.WA,1399.0,1419.0,1392.5,1408.5,15011
2026-09-04,MRB.WA,12.89,13.2,11.74,12.12,799872
2026-09-04,NVT.WA,96.6,97.4,96.6,97.4,81
2026-09-04,OPL.WA,13.8,13.955,13.735,13.815,383296
2026-09-04,PCO.WA,42.0,42.19,41.42,41.83,1156598
2026-09-04,PEO.WA,259.9,264.4,258.9,263.9,688585
2026-09-04,PGE.WA,12.23,12.64,11.99,12.545,7088950
2026-09-04,PKN.WA,155.96,158.0,155.26,158.0,869117
2026-09-04,PKO.WA,115.0,117.18,114.8,116.9,1963600
2026-09-04,PZU.WA,75.72,76.7,75.5,76.12,1668427
2026-09-07,ALE.WA,45.605,46.685,45.365,46.04,1355483
2026-09-07,ALR.WA,135.65,136.4,134.35,135.6,89077
2026-09-07,BDX.WA,709.0,724.4,704.2,713.8,22935
2026-09-07,BHW.WA,115.0,115.8,114.4,115.8,59798
2026-09-07,CDR.WA,233.0,238.6,231.6,236.7,344338
2026-09-07,CPS.WA,15.9,16.265,15.8,15.92,273368
2026-09-07,DNP.WA,36.1,36.71,35.8,36.26,2538393
2026-09-07,JSW.WA,37.4,38.7,36.77,37.9,1299921
2026-09-07,KGH.WA,356.0,359.8,352.8,358.0,269521
2026-09-07,KRU.WA,400.0,401.0,395.4,397.7,28731
2026-09-07,KTY.WA,1231.0,1247.0,1226.0,1243.0,5084
2026-09-07,LPP.WA,21340.0,21480.0,21160.0,21280.0,1414
2026-09-07,MBK.WA,1408.5,1422.0,1400.0,1411.0,9765
2026-09-07,MRB.WA,12.11,12.11,11.8,11.98,222248
2026-09-07,NVT.WA,97.6,97.6,96.6,96.6,42
2026-09-07,OPL.WA,13.815,14.075,13.78,13.825,366039
2026-09-07,PCO.WA,41.72,42.13,41.62,41.96,497460
2026-09-07,PEO.WA,264.0,266.1,262.3,266.1,236571
2026-09-07,PGE.WA,12.54,13.235,12.5,13.165,4456110
2026-09-07,PKN.WA,156.88,159.86,155.74,158.6,748977
2026-09-07,PKO.WA,116.9,117.24,116.14,116.9,1105969
2026-09-07,PZU.WA,76.34,76.56,75.9,76.18,1026768
2026-09-08,ALE.WA,46.145,46.6,45.55,45.88,2020765
2026-09-08,ALR.WA,131.6,138.0,131.2,137.0,172416
2026-09-08,BDX.WA,717.6,731.8,705.0,730.6,37415
2026-09-08,BHW.WA,116.4,117.6,114.4,117.2,77159
2026-09-08,CDR.WA,238.8,241.7,235.5,239.4,612807
2026-09-08,CPS.WA,15.92,16.79,15.92,16.705,967425
2026-09-08,DNP.WA,36.36,37.73,36.22,37.37,6068024
2026-09-08,JSW.WA,38.0,39.1,36.62,38.9,1166411
2026-09-08,KGH.WA,360.0,375.0,359.05,374.7,1003978
2026-09-08,KRU.WA,399.9,402.4,396.0,396.1,77990
2026-09-08,KTY.WA,1248.0,1270.0,1227.0,1257.0,10904
2026-09-08,LPP.WA,21260.0,22320.0,21120.0,22080.0,4564
2026-09-08,MBK.WA,1415.0,1428.5,1380.5,1426.0,26646
2026-09-08,MRB.WA,11.98,12.18,11.81,12.0,158569
2026-09-08,NVT.WA,96.6,97.0,96.2,97.0,224
2026-09-08,OPL.WA,13.905,14.28,13.825,14.215,564994
2026-09-08,PCO.WA,42.12,42.52,41.76,41.86,547826
2026-09-08,PEO.WA,266.1,270.0,262.0,268.6,448766
2026-09-08,PGE.WA,13.165,13.7,13.09,13.7,4265598
2026-09-08,PKN.WA,159.66,159.66,156.82,158.6,1080984
2026-09-08,PKO.WA,116.6,117.92,115.32,117.92,1814109
2026-09-08,PZU.WA,76.36,76.36,75.6,75.96,1359884
2026-09-09,ALE.WA,46.3,46.3,44.875,45.02,4038207
2026-09-09,ALR.WA,137.35,137.5,134.75,136.5,146798
2026-09-09,BDX.WA,730.8,732.0,707.6,718.2,30241
2026-09-09,BHW.WA,117.2,117.2,114.4,116.2,72149
2026-09-09,CDR.WA,240.0,241.6,232.3,232.3,655747
2026-09-09,CPS.WA,16.8,17.0,16.715,16.92,703585
2026-09-09,DNP.WA,37.27,37.53,35.71,35.8,11113324
2026-09-09,JSW.WA,39.0,39.77,38.0,38.81,1087578
2026-09-09,KGH.WA,374.7,382.6,372.2,378.0,790432
2026-09-09,KRU.WA,397.4,398.4,391.0,394.9,161035
2026-09-09,KTY.WA,1257.0,1265.0,1226.0,1226.0,15949
2026-09-09,LPP.WA,22020.0,22020.0,21420.0,21480.0,3637
2026-09-09,MBK.WA,1426.0,1435.5,1401.0,1428.5,17896
2026-09-09,MRB.WA,11.96,12.03,11.74,11.75,137281
2026-09-09,NVT.WA,97.0,97.0,97.0,97.0,36
2026-09-09,OPL.WA,14.215,14.33,14.0,14.02,1328425
2026-09-09,PCO.WA,41.87,41.87,40.78,41.54,1607766
2026-09-09,PEO.WA,268.5,269.5,263.6,266.3,567351
2026-09-09,PGE.WA,13.76,14.09,13.4,13.575,8159171
2026-09-09,PKN.WA,159.16,159.9,158.2,159.52,1740441
2026-09-09,PKO.WA,117.62,118.96,116.9,118.32,3934022
2026-09-09,PZU.WA,75.96,76.0,74.62,74.86,2179693
2026-09-10,ALE.WA,45.02,45.755,44.93,45.0,4690118
2026-09-10,ALR.WA,136.5,137.35,134.2,134.65,103160
2026-09-10,BDX.WA,723.0,723.4,710.2,717.2,33804
2026-09-10,BHW.WA,116.0,116.8,115.4,116.4,54601
2026-09-10,CDR.WA,234.7,237.5,229.2,230.6,547258
2026-09-10,CPS.WA,16.8,17.02,16.605,16.715,457436
2026-09-10,DNP.WA,36.0,36.0,34.86,35.0,6444097
2026-09-10,JSW.WA,38.49,39.94,36.04,37.87,2181340
2026-09-10,KGH.WA,376.0,383.9,346.05,347.05,1857940
2026-09-10,KRU.WA,395.0,397.7,387.0,387.0,110847
2026-09-10,KTY.WA,1228.0,1241.0,1213.0,1213.0,16795
2026-09-10,LPP.WA,21640.0,21880.0,21440.0,21440.0,2616
2026-09-10,MBK.WA,1428.5,1467.0,1425.0,1442.5,27523
2026-09-10,MRB.WA,11.8,11.85,11.6,11.62,109777
2026-09-10,NVT.WA,97.0,97.0,96.2,97.0,68
2026-09-10,OPL.WA,14.02,14.15,13.735,13.735,1073364
2026-09-10,PCO.WA,41.52,41.53,39.8,40.08,1588583
2026-09-10,PEO.WA,267.9,269.5,264.5,265.6,548107
2026-09-10,PGE.WA,13.5,14.38,13.305,14.205,9120436
2026-09-10,PKN.WA,159.5,160.72,158.22,159.56,1300122
2026-09-10,PKO.WA,118.5,120.0,118.44,119.44,4318401
2026-09-10,PZU.WA,75.0,75.96,74.86,75.48,1506471
2026-09-11,ALE.WA,45.0,45.305,44.695,44.945,3198223
2026-09-11,ALR.WA,134.2,137.35,134.2,135.0,149632
2026-09-11,BDX.WA,717.0,730.4,713.6,730.4,32467
2026-09-11,BHW.WA,116.6,119.0,115.6,117.2,58266
2026-09-11,CDR.WA,230.5,236.2,228.6,235.4,273010
2026-09-11,CPS.WA,17.1,17.15,16.61,16.99,390918
2026-09-11,DNP.WA,35.0,35.51,34.85,35.4,1751829
2026-09-11,JSW.WA,38.0,38.5,36.53,36.99,775915
2026-09-11,KGH.WA,353.0,355.2,346.15,351.9,790571
2026-09-11,KRU.WA,388.0,390.4,386.6,387.8,34395
2026-09-11,KTY.WA,1213.0,1237.0,1204.0,1204.0,23124
2026-09-11,LPP.WA,21660.0,21680.0,21280.0,21560.0,2345
2026-09-11,MBK.WA,1463.5,1481.5,1455.0,1463.5,13801
2026-09-11,MRB.WA,11.61,11.81,11.57,11.69,55735
2026-09-11,NVT.WA,97.0,100.5,96.2,99.6,394
2026-09-11,OPL.WA,13.745,14.1,13.735,13.97,778704
2026-09-11,PCO.WA,40.17,40.58,39.78,40.17,1458406
2026-09-11,PEO.WA,267.9,270.4,265.1,267.4,693465
2026-09-11,PGE.WA,14.205,14.46,13.745,14.035,6459762
2026-09-11,PKN.WA,160.54,162.4,159.34,161.12,1307273
2026-09-11,PKO.WA,119.4,120.98,118.96,120.52,2089155
2026-09-11,PZU.WA,75.9,76.5,75.56,76.42,15756756
2026-09-14,ALE.WA,44.95,45.95,44.78,45.8,3973728
2026-09-14,ALR.WA,134.95,136.3,130.4,130.8,277268
2026-09-14,BDX.WA,725.0,725.2,707.2,712.6,22630
2026-09-14,BHW.WA,118.4,118.4,116.2,117.6,41323
2026-09-14,CDR.WA,235.5,238.8,234.2,237.3,228922
2026-09-14,CPS.WA,16.9,17.025,16.445,16.45,435101
2026-09-14,DNP.WA,35.32,35.47,34.82,35.0,2452882
2026-09-14,JSW.WA,37.0,37.5,34.76,37.05,1094594
2026-09-14,KGH.WA,346.15,347.35,333.75,333.75,955915
2026-09-14,KRU.WA,387.0,390.5,385.3,386.5,32348
2026-09-14,KTY.WA,1204.0,1214.0,1141.0,1152.0,36644
2026-09-14,LPP.WA,21500.0,21900.0,21300.0,21800.0,2844
2026-09-14,MBK.WA,1453.5,1478.0,1443.0,1459.5,10761
2026-09-14,MRB.WA,11.69,11.69,11.43,11.6,98010
2026-09-14,NVT.WA,99.8,104.0,99.6,100.0,834
2026-09-14,OPL.WA,13.88,14.025,13.805,13.99,1518753
2026-09-14,PCO.WA,40.09,41.2,39.71,41.03,1119278
2026-09-14,PEO.WA,267.3,269.7,264.5,267.8,562555
2026-09-14,PGE.WA,13.9,13.91,13.5,13.775,4981685
2026-09-14,PKN.WA,162.5,164.12,160.52,162.6,1060634
2026-09-14,PKO.WA,120.0,121.34,119.5,119.94,1976846
2026-09-14,PZU.WA,76.44,76.84,75.82,76.32,2207185
2026-09-15,ALE.WA,45.8,46.4,45.015,46.115,5031682
2026-09-15,ALR.WA,131.8,132.25,127.5,132.0,496608
2026-09-15,BDX.WA,712.6,713.6,694.2,703.2,28738
2026-09-15,BHW.WA,117.6,118.4,116.0,118.4,37556
2026-09-15,CDR.WA,238.5,240.1,235.2,236.0,252883
2026-09-15,CPS.WA,16.575,16.705,16.335,16.495,369654
2026-09-15,DNP.WA,35.02,35.65,34.52,35.5,4561381
2026-09-15,JSW.WA,37.05,38.32,36.2,37.72,769389
2026-09-15,KGH.WA,335.0,335.0,324.0,326.95,1023100
2026-09-15,KRU.WA,387.0,388.7,378.8,382.1,47771
2026-09-15,KTY.WA,1170.0,1280.0,1160.0,1264.0,109204
2026-09-15,LPP.WA,21780.0,22160.0,21440.0,21960.0,2975
2026-09-15,MBK.WA,1459.5,1459.5,1399.0,1446.0,19669
2026-09-15,MRB.WA,11.6,11.69,11.45,11.45,65766
2026-09-15,NVT.WA,103.0,109.0,102.0,106.5,804
2026-09-15,OPL.WA,13.745,13.935,13.71,13.9,546181
2026-09-15,PCO.WA,41.0,42.15,40.53,41.7,1069536
2026-09-15,PEO.WA,267.8,270.0,262.4,270.0,775612
2026-09-15,PGE.WA,13.72,13.98,13.45,13.935,4875405
2026-09-15,PKN.WA,162.6,162.7,155.92,158.56,1660560
2026-09-15,PKO.WA,120.2,120.74,118.16,120.3,3162023
2026-09-15,PZU.WA,76.6,77.2,75.74,77.0,4064043
2026-09-16,ALE.WA,46.1,46.1,44.955,45.15,4457161
2026-09-16,ALR.WA,132.5,132.9,130.45,132.15,223762
2026-09-16,BDX.WA,703.2,705.4,693.0,701.4,23740
2026-09-16,BHW.WA,118.4,119.4,117.6,118.8,44738
2026-09-16,CDR.WA,236.2,239.4,234.7,238.5,241818
2026-09-16,CPS.WA,16.68,16.68,16.39,16.515,371769
2026-09-16,DNP.WA,35.45,35.94,35.2,35.8,3247619
2026-09-16,JSW.WA,38.45,38.47,37.56,38.0,393658
2026-09-16,KGH.WA,334.3,336.0,330.5,331.65,743227
2026-09-16,KRU.WA,382.0,388.0,377.8,385.4,57261
2026-09-16,KTY.WA,1262.0,1266.0,1220.0,1230.0,47718
2026-09-16,LPP.WA,21960.0,22020.0,21460.0,21680.0,2613
2026-09-16,MBK.WA,1450.0,1459.0,1413.5,1437.0,18976
2026-09-16,MRB.WA,11.5,11.6,11.4,11.43,58911
2026-09-16,NVT.WA,106.5,109.0,103.0,105.0,374
2026-09-16,OPL.WA,13.8,13.875,13.66,13.66,735250
2026-09-16,PCO.WA,41.67,41.69,40.7,41.6,628923
2026-09-16,PEO.WA,270.7,270.9,266.0,268.3,507208
2026-09-16,PGE.WA,13.935,14.19,13.445,13.83,4175014
2026-09-16,PKN.WA,158.32,159.66,155.28,156.82,1155364
2026-09-16,PKO.WA,120.68,120.84,119.34,120.42,2983158
2026-09-16,PZU.WA,72.98,73.62,71.7,72.34,2611756
2026-09-17,ALE.WA,46.6,49.455,46.205,49.435,10344022
2026-09-17,ALR.WA,131.2,135.2,131.2,132.75,184156
2026-09-17,BDX.WA,699.0,718.6,699.0,716.2,15292
2026-09-17,BHW.WA,119.0,121.0,118.2,120.8,37388
2026-09-17,CDR.WA,239.1,242.3,238.2,239.4,379684
2026-09-17,CPS.WA,16.405,16.82,16.405,16.665,482977
2026-09-17,DNP.WA,36.0,36.32,35.82,36.15,4251167
2026-09-17,JSW.WA,38.18,39.25,37.82,38.8,585309
2026-09-17,KGH.WA,336.2,345.85,334.75,340.9,770077
2026-09-17,KRU.WA,385.4,390.4,383.7,387.2,25561
2026-09-17,KTY.WA,1232.0,1271.0,1217.0,1263.0,37414
2026-09-17,LPP.WA,21780.0,22380.0,21460.0,22380.0,4624
2026-09-17,MBK.WA,1429.0,1458.5,1429.0,1436.0,16295
2026-09-17,MRB.WA,11.54,11.55,11.43,11.5,66845
2026-09-17,NVT.WA,104.5,108.0,102.5,107.5,529
2026-09-17,OPL.WA,13.63,14.045,13.6,13.815,575648
2026-09-17,PCO.WA,41.47,42.45,41.24,42.31,969884
2026-09-17,PEO.WA,269.6,276.1,267.6,272.0,462309
2026-09-17,PGE.WA,13.83,14.25,13.735,14.25,3569221
2026-09-17,PKN.WA,156.26,157.22,152.76,153.9,923994
2026-09-17,PKO.WA,121.0,122.32,120.04,120.04,1989817
2026-09-17,PZU.WA,72.84,74.44,72.48,73.92,1607485
2026-09-18,ALE.WA,49.92,51.14,48.885,49.8,13776908
2026-09-18,ALR.WA,133.8,133.8,130.2,131.15,322126
2026-09-18,BDX.WA,716.0,731.8,695.4,698.8,83165
2026-09-18,BHW.WA,120.8,121.2,118.0,118.0,105115
2026-09-18,CDR.WA,239.4,241.8,236.4,236.4,702058
2026-09-18,CPS.WA,16.66,16.66,15.08,15.08,4697218
2026-09-18,DNP.WA,36.2,36.45,35.66,35.74,3382248
2026-09-18,JSW.WA,38.25,38.74,37.41,37.63,812587
2026-09-18,KGH.WA,346.0,349.7,337.05,337.05,1018617
2026-09-18,KRU.WA,390.0,390.5,381.3,384.8,69060
2026-09-18,KTY.WA,1262.0,1277.0,1250.0,1269.0,58585
2026-09-18,LPP.WA,23200.0,24360.0,23140.0,24160.0,26360
2026-09-18,MBK.WA,1455.0,1455.0,1395.5,1399.5,61764
2026-09-18,MRB.WA,11.47,11.55,11.3,11.3,167035
2026-09-18,NVT.WA,107.0,108.0,106.0,108.0,283
2026-09-18,OPL.WA,14.045,14.045,13.44,13.44,4510693
2026-09-18,PCO.WA,42.49,42.71,41.65,41.87,2408895
2026-09-18,PEO.WA,272.0,273.3,267.6,269.6,1099016
2026-09-18,PGE.WA,14.235,14.24,13.855,13.93,5739580
2026-09-18,PKN.WA,154.0,154.0,149.36,151.14,3556071
2026-09-18,PKO.WA,120.78,120.9,118.5,119.84,6120356
2026-09-18,PZU.WA,73.8,73.8,72.12,72.44,2866613
2026-09-21,ALE.WA,49.74,50.25,48.715,49.43,4225793
2026-09-21,ALR.WA,132.95,139.95,132.1,139.75,653236
2026-09-21,BDX.WA,700.8,713.8,696.0,713.2,28021
2026-09-21,BHW.WA,118.0,124.2,117.6,123.6,62002
2026-09-21,CDR.WA,239.4,248.0,239.2,248.0,365403
2026-09-21,CPS.WA,15.455,16.09,15.15,16.075,1422029
2026-09-21,DNP.WA,35.99,36.04,35.14,35.49,3389905
2026-09-21,JSW.WA,37.65,38.86,37.25,37.3,484601
2026-09-21,KGH.WA,350.0,356.1,343.75,344.9,635073
2026-09-21,KRU.WA,386.0,392.6,384.0,390.0,52877
2026-09-21,KTY.WA,1269.0,1281.0,1253.0,1270.0,12656
2026-09-21,LPP.WA,24000.0,24200.0,23700.0,24180.0,3674
2026-09-21,MBK.WA,1420.5,1521.5,1414.0,1516.0,30122
2026-09-21,MRB.WA,11.3,11.64,11.3,11.49,184747
2026-09-21,NVT.WA,103.0,105.0,103.0,105.0,17
2026-09-21,OPL.WA,13.47,13.76,13.455,13.725,771537
2026-09-21,PCO.WA,42.09,42.3,41.5,42.3,320699
2026-09-21,PEO.WA,271.3,279.9,271.1,279.2,392659
2026-09-21,PGE.WA,14.02,14.55,13.95,14.41,2628334
2026-09-21,PKN.WA,150.0,154.58,148.5,152.48,1171142
2026-09-21,PKO.WA,120.08,123.1,120.0,123.1,1242007
2026-09-21,PZU.WA,72.44,74.1,72.18,74.1,1185886
2026-09-22,ALE.WA,49.4,50.23,48.75,49.65,5656265
2026-09-22,ALR.WA,139.75,141.5,138.4,140.85,456182
2026-09-22,BDX.WA,713.2,725.6,709.2,717.6,24057
2026-09-22,BHW.WA,122.4,124.8,122.4,124.0,52694
2026-09-22,CDR.WA,248.0,250.6,246.2,247.5,349488
2026-09-22,CPS.WA,16.05,16.5,15.865,16.135,573176
2026-09-22,DNP.WA,35.6,36.16,35.25,35.98,3552035
2026-09-22,JSW.WA,37.17,37.26,34.82,35.0,1190007
2026-09-22,KGH.WA,350.1,354.4,342.2,347.25,583469
2026-09-22,KRU.WA,393.7,395.4,388.5,394.0,44124
2026-09-22,KTY.WA,1282.0,1317.0,1263.0,1284.0,21692
2026-09-22,LPP.WA,24160.0,24600.0,23940.0,24600.0,5373
2026-09-22,MBK.WA,1516.0,1540.0,1501.5,1526.5,21032
2026-09-22,MRB.WA,11.5,11.54,11.4,11.45,111438
2026-09-22,NVT.WA,105.0,105.0,103.0,103.0,126
2026-09-22,OPL.WA,13.72,13.76,13.42,13.545,1981128
2026-09-22,PCO.WA,42.49,45.14,42.3,44.12,1682888
2026-09-22,PEO.WA,280.0,283.1,276.5,283.1,542995
2026-09-22,PGE.WA,14.41,14.52,13.62,13.705,4350243
2026-09-22,PKN.WA,152.96,153.72,147.0,149.54,1364176
2026-09-22,PKO.WA,123.4,124.26,122.1,123.2,3021348
2026-09-22,PZU.WA,74.1,74.28,73.02,73.66,1359656
2026-09-23,ALE.WA,49.83,50.01,47.895,48.63,6218005
2026-09-23,ALR.WA,141.0,142.65,139.15,140.15,195625
2026-09-23,BDX.WA,715.0,719.4,700.0,703.0,30030
2026-09-23,BHW.WA,124.0,124.8,123.2,124.4,28272
2026-09-23,CDR.WA,247.9,249.3,243.6,249.3,213004
2026-09-23,CPS.WA,16.245,16.245,15.86,15.91,296046
2026-09-23,DNP.WA,35.98,35.99,35.23,35.48,3525526
2026-09-23,JSW.WA,35.4,35.4,32.12,33.0,2003508
2026-09-23,KGH.WA,346.0,350.6,339.45,342.65,571404
2026-09-23,KRU.WA,394.2,395.2,386.1,386.3,41686
2026-09-23,KTY.WA,1289.0,1303.0,1255.0,1263.0,21510
2026-09-23,LPP.WA,24480.0,24760.0,24260.0,24520.0,2852
2026-09-23,MBK.WA,1540.0,1550.0,1491.0,1512.0,15678
2026-09-23,MRB.WA,11.46,11.78,11.46,11.62,153306
2026-09-23,NVT.WA,104.0,104.0,104.0,104.0,36
2026-09-23,OPL.WA,13.545,13.565,13.08,13.12,1844986
2026-09-23,PCO.WA,44.2,44.2,43.03,43.37,619488
2026-09-23,PEO.WA,284.0,285.9,277.3,281.0,464891
2026-09-23,PGE.WA,13.79,13.875,13.535,13.65,2155695
2026-09-23,PKN.WA,150.0,150.24,147.14,148.2,1791417
2026-09-23,PKO.WA,123.56,124.54,122.34,123.2,2027789
2026-09-23,PZU.WA,73.64,73.96,72.82,73.38,1080063
2026-09-24,ALE.WA,48.78,49.96,48.375,49.265,5293504
2026-09-24,ALR.WA,139.5,139.55,136.8,138.05,281804
2026-09-24,BDX.WA,702.6,712.6,696.0,704.6,21538
2026-09-24,BHW.WA,124.4,124.4,122.8,123.4,36104
2026-09-24,CDR.WA,249.9,249.9,243.6,245.9,208701
2026-09-24,CPS.WA,15.91,16.055,15.68,16.0,409146
2026-09-24,DNP.WA,35.39,35.45,34.44,34.63,4712781
2026-09-24,JSW.WA,32.8,33.03,30.8,31.16,1269313
2026-09-24,KGH.WA,340.0,344.0,333.4,335.85,517948
2026-09-24,KRU.WA,387.0,389.2,384.1,385.7,26335
2026-09-24,KTY.WA,1269.0,1280.0,1251.0,1274.0,17524
2026-09-24,LPP.WA,24200.0,24640.0,24060.0,24640.0,5414
2026-09-24,MBK.WA,1524.5,1524.5,1480.0,1505.0,12187
2026-09-24,MRB.WA,11.65,11.72,11.45,11.45,101664
2026-09-24,NVT.WA,102.5,102.5,102.5,102.5,7
2026-09-24,OPL.WA,13.1,13.295,12.98,12.98,3788495
2026-09-24,PCO.WA,43.0,43.22,42.52,42.72,281318
2026-09-24,PEO.WA,278.9,282.9,275.4,281.1,332231
2026-09-24,PGE.WA,13.505,13.595,13.0,13.22,4329857
2026-09-24,PKN.WA,148.62,150.18,147.66,150.18,1463478
2026-09-24,PKO.WA,122.7,124.56,121.6,124.46,1527738
2026-09-24,PZU.WA,72.8,73.66,72.08,73.48,1534813
2026-09-25,ALE.WA,49.465,49.6,48.705,49.555,4206578
2026-09-25,ALR.WA,138.05,140.0,137.95,139.05,109643
2026-09-25,BDX.WA,704.6,706.2,692.0,692.0,22223
2026-09-25,BHW.WA,123.4,124.8,122.2,124.0,32609
2026-09-25,CDR.WA,246.4,248.6,244.6,244.6,183952
2026-09-25,CPS.WA,16.0,16.355,16.0,16.3,305413
2026-09-25,DNP.WA,34.89,34.9,34.33,34.44,3025493
2026-09-25,JSW.WA,31.35,31.71,30.71,30.9,497593
2026-09-25,KGH.WA,338.15,341.35,329.2,330.5,514178
2026-09-25,KRU.WA,387.0,387.9,382.0,382.0,27810
2026-09-25,KTY.WA,1274.0,1276.0,1250.0,1255.0,20143
2026-09-25,LPP.WA,24700.0,24900.0,24600.0,24900.0,2590
2026-09-25,MBK.WA,1511.0,1527.0,1489.0,1495.5,9324
2026-09-25,MRB.WA,11.43,11.49,11.29,11.34,97724
2026-09-25,NVT.WA,102.0,102.5,102.0,102.5,38
2026-09-25,OPL.WA,13.01,13.28,12.84,12.84,803634
2026-09-25,PCO.WA,42.72,43.56,42.72,43.5,660268
2026-09-25,PEO.WA,282.7,283.3,279.8,280.3,246483
2026-09-25,PGE.WA,13.22,13.295,13.015,13.02,1903245
2026-09-25,PKN.WA,149.98,149.98,148.02,148.84,712639
2026-09-25,PKO.WA,124.5,125.54,124.0,124.54,2109954
2026-09-25,PZU.WA,73.48,73.5,72.84,73.18,788284
2026-09-28,ALE.WA,49.555,50.13,48.85,49.86,4167091
2026-09-28,ALR.WA,139.95,139.95,137.35,138.75,98227
2026-09-28,BDX.WA,694.0,698.0,688.0,691.8,22046
2026-09-28,BHW.WA,124.0,124.0,122.2,122.4,33180
2026-09-28,CDR.WA,244.9,248.9,244.4,245.2,168298
2026-09-28,CPS.WA,16.31,16.69,15.825,15.86,762316
2026-09-28,DNP.WA,34.41,34.6,34.16,34.59,4334671
2026-09-28,JSW.WA,31.3,31.85,30.2,31.5,590330
2026-09-28,KGH.WA,325.45,328.35,320.8,321.5,703205
2026-09-28,KRU.WA,382.0,385.3,380.5,381.1,22959
2026-09-28,KTY.WA,1258.0,1272.0,1241.0,1272.0,18924
2026-09-28,LPP.WA,24920.0,24980.0,24580.0,24820.0,2638
2026-09-28,MBK.WA,1496.0,1501.0,1477.5,1487.5,13492
2026-09-28,MRB.WA,11.4,11.44,11.27,11.3,40820
2026-09-28,NVT.WA,103.5,103.5,103.5,103.5,35
2026-09-28,OPL.WA,12.83,13.12,12.83,13.0,1269863
2026-09-28,PCO.WA,43.5,44.0,43.3,43.75,1293669
2026-09-28,PEO.WA,281.1,282.4,278.9,280.0,201954
2026-09-28,PGE.WA,13.02,13.65,13.01,13.55,3490395
2026-09-28,PKN.WA,149.46,151.54,148.7,150.64,970681
2026-09-28,PKO.WA,124.9,125.42,124.1,124.36,2200097
2026-09-28,PZU.WA,73.2,73.46,72.54,72.82,930795
2026-09-29,ALE.WA,50.05,50.58,49.95,50.46,4862994
2026-09-29,ALR.WA,138.9,139.95,136.25,136.8,96800
2026-09-29,BDX.WA,691.8,691.8,663.4,670.0,34605
2026-09-29,BHW.WA,123.2,123.2,120.8,121.8,32582
2026-09-29,CDR.WA,245.6,248.7,244.3,248.7,146454
2026-09-29,CPS.WA,15.985,16.155,15.75,15.965,218545
2026-09-29,DNP.WA,34.59,35.41,33.87,35.41,5078385
2026-09-29,JSW.WA,32.46,33.07,31.57,31.7,771253
2026-09-29,KGH.WA,326.2,327.6,320.1,323.0,523473
2026-09-29,KRU.WA,381.2,381.8,378.6,378.7,39795
2026-09-29,KTY.WA,1272.0,1279.0,1261.0,1270.0,20545
2026-09-29,LPP.WA,24780.0,25020.0,24600.0,25020.0,5722
2026-09-29,MBK.WA,1489.0,1490.0,1451.0,1463.5,12579
2026-09-29,MRB.WA,11.28,11.42,11.28,11.35,30566
2026-09-29,NVT.WA,103.5,113.5,103.0,105.0,1324
2026-09-29,OPL.WA,13.05,13.285,12.92,13.025,2068806
2026-09-29,PCO.WA,45.0,45.98,44.24,44.57,1445519
2026-09-29,PEO.WA,281.0,282.0,273.5,276.3,634489
2026-09-29,PGE.WA,13.62,14.3,13.6,14.27,4750440
2026-09-29,PKN.WA,150.64,150.66,145.78,146.58,1197039
2026-09-29,PKO.WA,124.9,125.16,122.36,123.38,3482969
2026-09-29,PZU.WA,72.82,72.92,71.4,71.74,1314378
2026-09-30,ALE.WA,50.46,50.87,49.95,50.63,5436418
2026-09-30,ALR.WA,136.9,139.0,136.55,137.7,189823
2026-09-30,BDX.WA,670.0,679.8,667.2,669.4,44792
2026-09-30,BHW.WA,120.8,123.0,120.8,122.2,25538
2026-09-30,CDR.WA,248.4,254.0,244.8,254.0,299593
2026-09-30,CPS.WA,15.965,16.295,15.925,16.04,507039
2026-09-30,DNP.WA,35.34,35.35,34.9,35.07,3874688
2026-09-30,JSW.WA,32.5,32.5,31.2,31.79,343205
2026-09-30,KGH.WA,326.0,336.8,324.9,329.55,682593
2026-09-30,KRU.WA,378.7,382.1,375.5,375.5,61705
2026-09-30,KTY.WA,1262.0,1283.0,1262.0,1264.0,8592
2026-09-30,LPP.WA,24980.0,25100.0,24660.0,24840.0,3911
2026-09-30,MBK.WA,1464.0,1495.5,1464.0,1469.5,19533
2026-09-30,MRB.WA,11.39,11.4,11.16,11.3,62575
2026-09-30,NVT.WA,105.0,115.0,105.0,108.0,615
2026-09-30,OPL.WA,13.135,14.32,13.06,14.265,4790829
2026-09-30,PCO.WA,44.8,45.75,44.62,44.9,1521890
2026-09-30,PEO.WA,276.8,282.9,276.4,280.9,856378
2026-09-30,PGE.WA,14.29,15.15,14.135,15.14,7559644
2026-09-30,PKN.WA,146.58,147.86,145.48,146.06,1492217
2026-09-30,PKO.WA,123.68,125.58,123.22,124.0,3533388
2026-09-30,PZU.WA,72.0,72.36,71.3,71.3,2211716
2026-10-01,ALE.WA,49.455,50.2,48.84,49.605,3426460
2026-10-01,ALR.WA,137.7,138.95,131.55,132.5,371738
2026-10-01,BDX.WA,669.2,669.4,653.0,661.2,37749
2026-10-01,BHW.WA,121.6,121.6,119.0,120.0,27864
2026-10-01,CDR.WA,253.0,258.1,246.7,254.5,438093
2026-10-01,CPS.WA,16.04,16.59,15.915,16.425,503300
2026-10-01,DNP.WA,34.91,35.02,34.12,34.57,2986782
2026-10-01,JSW.WA,32.0,32.0,30.82,31.11,476730
2026-10-01,KGH.WA,331.0,331.2,319.5,321.2,835173
2026-10-01,KRU.WA,375.8,376.6,369.5,369.5,50719
2026-10-01,KTY.WA,1272.0,1280.0,1226.0,1232.0,15007
2026-10-01,LPP.WA,25000.0,25000.0,24400.0,24740.0,5334
2026-10-01,MBK.WA,1489.5,1489.5,1402.0,1408.5,30680
2026-10-01,MRB.WA,11.2,11.37,11.2,11.3,49566
2026-10-01,NVT.WA,109.5,119.0,108.0,118.5,1395
2026-10-01,OPL.WA,14.295,14.835,14.175,14.415,2033172
2026-10-01,PCO.WA,44.7,45.18,43.92,44.63,883023
2026-10-01,PEO.WA,280.8,280.9,270.8,270.8,792688
2026-10-01,PGE.WA,15.15,15.48,14.95,15.465,5349866
2026-10-01,PKN.WA,146.0,146.18,144.0,146.16,1205649
2026-10-01,PKO.WA,123.4,124.0,119.56,119.68,5344443
2026-10-01,PZU.WA,71.28,71.34,69.72,70.14,1551721
2026-10-02,ALE.WA,49.8,50.39,49.8,50.39,2384657
2026-10-02,ALR.WA,132.5,133.85,128.5,130.0,302795
2026-10-02,BDX.WA,666.0,677.0,663.0,673.2,19309
2026-10-02,BHW.WA,119.4,120.4,119.0,120.0,30999
2026-10-02,CDR.WA,255.2,257.9,252.1,253.5,182009
2026-10-02,CPS.WA,16.435,16.89,16.4,16.68,455598
2026-10-02,DNP.WA,34.57,34.7,33.66,33.66,5386027
2026-10-02,JSW.WA,31.3,32.48,31.0,31.6,464451
2026-10-02,KGH.WA,323.0,335.35,322.05,335.3,597070
2026-10-02,KRU.WA,369.6,371.6,363.6,366.4,71326
2026-10-02,KTY.WA,1234.0,1253.0,1234.0,1236.0,8455
2026-10-02,LPP.WA,24720.0,24780.0,23860.0,24020.0,4716
2026-10-02,MBK.WA,1420.5,1423.0,1364.0,1391.0,27835
2026-10-02,MRB.WA,11.32,11.43,11.3,11.42,44600
2026-10-02,NVT.WA,110.0,129.0,110.0,115.5,1311
2026-10-02,OPL.WA,14.445,15.69,14.4,15.18,2498919
2026-10-02,PCO.WA,44.4,45.36,43.71,43.78,725572
2026-10-02,PEO.WA,271.5,273.8,264.7,268.7,550244
2026-10-02,PGE.WA,15.32,15.49,14.96,15.025,3097508
2026-10-02,PKN.WA,144.0,145.5,141.2,144.32,1689904
2026-10-02,PKO.WA,120.14,121.02,116.94,118.24,3675071
2026-10-02,PZU.WA,70.1,70.56,69.18,69.82,1249229
2026-10-06,ALE.WA,50.79,51.4,50.63,51.4,2888483
2026-10-06,ALR.WA,132.0,136.15,131.15,135.4,267325
2026-10-06,BDX.WA,670.6,708.0,667.8,701.0,43318
2026-10-06,BHW.WA,120.6,122.4,120.2,122.4,29923
2026-10-06,CDR.WA,256.5,262.0,255.1,261.7,279076
2026-10-06,CPS.WA,16.39,17.165,16.39,17.165,705446
2026-10-06,DNP.WA,33.16,34.14,33.15,33.61,2868571
2026-10-06,JSW.WA,31.21,31.59,30.89,30.99,280016
2026-10-06,KGH.WA,343.15,347.45,339.1,343.6,481625
2026-10-06,KRU.WA,367.0,383.6,366.0,379.7,66742
2026-10-06,KTY.WA,1260.0,1292.0,1250.0,1292.0,11395
2026-10-06,LPP.WA,24920.0,25280.0,24700.0,25280.0,3041
2026-10-06,MBK.WA,1434.5,1500.0,1433.5,1487.0,22089
2026-10-06,MRB.WA,11.29,11.4,11.22,11.36,57136
2026-10-06,NVT.WA,115.0,115.0,113.5,113.5,42
2026-10-06,OPL.WA,15.0,15.395,14.855,14.975,1284757
2026-10-06,PCO.WA,43.7,44.82,43.29,44.43,802602
2026-10-06,PEO.WA,271.8,279.4,270.0,276.5,490713
2026-10-06,PGE.WA,15.71,15.725,15.225,15.55,3126612
2026-10-06,PKN.WA,149.98,151.16,147.3,149.96,1659591
2026-10-06,PKO.WA,121.0,123.12,120.26,122.9,2193326
2026-10-06,PZU.WA,71.0,72.52,70.8,71.9,1397006
2026-10-07,ALE.WA,51.4,51.5,49.98,50.54,3111789
2026-10-07,ALR.WA,135.4,138.1,132.2,133.7,353116
2026-10-07,BDX.WA,702.4,707.0,687.0,687.0,30560
2026-10-07,BHW.WA,122.4,122.4,119.8,120.0,28245
2026-10-07,CDR.WA,261.0,262.6,255.4,256.0,275862
2026-10-07,CPS.WA,17.165,17.375,17.05,17.1,726956
2026-10-07,DNP.WA,33.55,33.76,33.08,33.38,2985509
2026-10-07,JSW.WA,31.18,31.78,30.96,31.2,224329
2026-10-07,KGH.WA,340.55,343.4,334.55,334.6,486598
2026-10-07,KRU.WA,382.0,384.4,376.7,376.7,54491
2026-10-07,KTY.WA,1291.0,1296.0,1261.0,1272.0,12180
2026-10-07,LPP.WA,25180.0,25280.0,24620.0,24800.0,3076
2026-10-07,MBK.WA,1495.5,1504.0,1444.0,1454.0,18621
2026-10-07,MRB.WA,11.37,11.37,11.15,11.18,88644
2026-10-07,NVT.WA,112.5,113.0,110.5,110.5,65
2026-10-07,OPL.WA,14.98,15.32,14.98,15.12,1036416
2026-10-07,PCO.WA,44.01,45.29,42.95,42.95,1604384
2026-10-07,PEO.WA,276.5,278.0,266.9,270.6,624693
2026-10-07,PGE.WA,15.49,15.63,15.2,15.385,2739834
2026-10-07,PKN.WA,150.3,151.8,149.4,150.22,1149310
2026-10-07,PKO.WA,122.5,123.08,118.3,118.88,3166524
2026-10-07,PZU.WA,72.12,72.56,70.92,71.5,1406249
2026-10-08,ALE.WA,50.5,50.73,49.49,50.43,2844737
2026-10-08,ALR.WA,134.0,134.0,128.85,129.65,522276
2026-10-08,BDX.WA,682.0,693.0,675.0,685.2,28396
2026-10-08,BHW.WA,121.4,121.4,118.8,119.2,43527
2026-10-08,CDR.WA,256.0,258.3,252.4,252.5,205320
2026-10-08,CPS.WA,17.2,17.295,17.085,17.17,439438
2026-10-08,DNP.WA,33.5,35.74,33.36,35.5,7187911
2026-10-08,JSW.WA,31.4,32.4,31.18,32.0,284910
2026-10-08,KGH.WA,336.0,336.8,325.0,328.35,603047
2026-10-08,KRU.WA,376.7,380.6,370.4,377.0,61040
2026-10-08,KTY.WA,1280.0,1280.0,1232.0,1259.0,10348
2026-10-08,LPP.WA,24340.0,24680.0,24200.0,24400.0,2716
2026-10-08,MBK.WA,1457.5,1457.5,1391.0,1391.0,24593
2026-10-08,MRB.WA,11.14,11.23,10.92,11.01,188605
2026-10-08,NVT.WA,110.5,114.0,110.5,113.0,92
2026-10-08,OPL.WA,15.12,15.19,14.99,15.04,1204383
2026-10-08,PCO.WA,43.59,43.68,42.76,43.68,1082220
2026-10-08,PEO.WA,269.2,270.0,261.5,263.0,824009
2026-10-08,PGE.WA,15.37,15.82,14.975,15.72,3914921
2026-10-08,PKN.WA,151.62,156.2,150.68,155.46,1432003
2026-10-08,PKO.WA,118.0,118.28,114.92,114.92,4183503
2026-10-08,PZU.WA,71.32,72.7,70.48,72.22,1819756
